Date,return
2015-02-02,0.0
2015-02-03,0.0
2015-02-04,0.0
2015-02-05,0.0
2015-02-06,0.0
2015-02-09,0.0
2015-02-10,0.0
2015-02-11,0.0
2015-02-12,0.0
2015-02-13,0.0
2015-02-17,0.0
2015-02-18,0.0
2015-02-19,0.0
2015-02-20,0.0
2015-02-23,0.0
2015-02-24,0.0
2015-02-25,0.0
2015-02-26,0.0
2015-02-27,0.0
2015-03-02,-0.00792888133209999
2015-03-03,0.008758618837091881
2015-03-04,-0.005824592985393563
2015-03-05,0.002365293539815139
2015-03-06,-0.02099123323547474
2015-03-09,0.015258054611742521
2015-03-10,-0.022180441831412646
2015-03-11,-0.004158717439063987
2015-03-12,0.017089167245182682
2015-03-13,-0.0037717202441439057
2015-03-16,-0.0010485277976098337
2015-03-17,0.01188120787674969
2015-03-18,0.011925642837966863
2015-03-19,-0.0057178466394467884
2015-03-20,0.022824560053995267
2015-03-23,0.00872368840411426
2015-03-24,0.003855378413630296
2015-03-25,-0.01906684528160861
2015-03-26,-0.0044261798327197895
2015-03-27,-0.009644155604306825
2015-03-30,0.008023632254309543
2015-03-31,-0.011357323024465581
2015-04-01,-0.000294509350950023
2015-04-02,0.013933603043750105
2015-04-06,0.021628038841749544
2015-04-07,-0.003064359587788868
2015-04-08,-0.001334515181101281
2015-04-09,0.017286107036382448
2015-04-10,0.002310769537610536
2015-04-13,-0.0032552889883165743
2015-04-14,-1.7010525656424125e-05
2015-04-15,0.03409513834759535
2015-04-16,-0.005793857429068383
2015-04-17,-0.0003299752276164406
2015-04-20,0.005712193931913934
2015-04-21,-0.011308627465235354
2015-04-22,0.012676923414949793
2015-04-23,0.007632540177457004
2015-04-24,-0.003824856766734275
2015-04-27,-0.009074732820937592
2015-04-28,0.0052977590977853276
2015-04-29,0.003246762692130325
2015-04-30,0.00846142092679182
2015-05-01,0.012024543770807505
2015-05-04,-0.00208603866627547
2015-05-05,-0.01888448818791152
2015-05-06,-0.004732707999141861
2015-05-07,0.010334487180489927
2015-05-08,0.021440461430521127
2015-05-11,0.0015644493114080225
2015-05-12,-0.002209348013929013
2015-05-13,-0.0026034818054628036
2015-05-14,0.0033219924803190365
2015-05-15,0.0008702886829583866
2015-05-18,0.0031485668102384737
2015-05-19,0.0034467122407283225
2015-05-20,0.0010318061796245387
2015-05-21,0.008112953414910863
2015-05-22,-0.005461473093972636
2015-05-26,-0.003626416945496015
2015-05-27,0.009351304355697287
2015-05-28,-0.002159879672131359
2015-05-29,-0.00787669087484274
2015-06-01,-0.0019332643478722432
2015-06-02,0.007728113724381326
2015-06-03,0.0043982288679152775
2015-06-04,-0.0005027527586029196
2015-06-05,0.003405783061257739
2015-06-08,-0.016257283474600037
2015-06-09,-0.0030815700229822824
2015-06-10,0.004742166075412535
2015-06-11,-0.00046419252752001345
2015-06-12,-0.0008248443389006544
2015-06-15,0.004094949040112695
2015-06-16,0.0007320858668458778
2015-06-17,0.004107818154862731
2015-06-18,0.007831391502720986
2015-06-19,-0.0031884583387181585
2015-06-22,0.008491821269582556
2015-06-23,0.0042090643333486215
2015-06-24,-0.004617626587594314
2015-06-25,-0.009048345523136127
2015-06-26,-0.0002320775939595118
2015-06-29,-0.024719420510294184
2015-06-30,0.005313555569669426
2015-07-01,-0.015583670475499134
2015-07-02,0.005459592623028942
2015-07-06,-0.01891520870518712
2015-07-07,0.009271311833288231
2015-07-08,-0.030988837746396974
2015-07-09,0.0010145618594724628
2015-07-10,0.002887692946591702
2015-07-13,0.016851538081097517
2015-07-14,0.017007833769443995
2015-07-15,-0.027073759639169272
2015-07-16,0.005548971886974742
2015-07-17,-0.021831758770189523
2015-07-20,-0.024166524161582374
2015-07-21,-0.0035103291499879777
2015-07-22,-0.009626615499813598
2015-07-23,0.023850244590689528
2015-07-24,-0.021575748283487805
2015-07-27,-0.004653109848662507
2015-07-28,0.03794180855710157
2015-07-29,0.0014867485946505983
2015-07-30,0.0021316947476089036
2015-07-31,-0.02224480319207839
2015-08-03,-0.028823379467114597
2015-08-04,-0.012809057659695536
2015-08-05,-0.009043986662607851
2015-08-06,0.020128580418138056
2015-08-07,-0.03139633151883854
2015-08-10,0.053080133108710764
2015-08-11,-0.02347917808349837
2015-08-12,0.028716937656734377
2015-08-13,-0.03367650057743513
2015-08-14,-0.008462934451728544
2015-08-17,0.00826778164606633
2015-08-18,-0.015313672240168674
2015-08-19,-0.017476010604242843
2015-08-20,-0.020363870442108026
2015-08-21,-0.020609782397433267
2015-08-24,-0.04782246212889968
2015-08-25,-0.006006887990144528
2015-08-26,0.012578866970523617
2015-08-27,0.10116890536784712
2015-08-28,0.02489168025580494
2015-08-31,0.022411307715339255
2015-09-01,-0.037288974771901615
2015-09-02,0.01718912274428944
2015-09-03,0.008271829459666213
2015-09-04,-0.018318474420244316
2015-09-08,0.02867287857948098
2015-09-09,-0.00968823209096308
2015-09-10,0.00386652279350136
2015-09-11,-0.0021143996782125645
2015-09-14,-0.002352521234947191
2015-09-15,0.013204646510812214
2015-09-16,0.015949332099769165
2015-09-17,-0.005707734980317381
2015-09-18,-0.025139148188816133
2015-09-21,-0.010546124232892697
2015-09-22,-0.01850548978347397
2015-09-23,-0.014731806489197592
2015-09-24,-0.003010725791458569
2015-09-25,-0.000733973590242865
2015-09-28,-0.05092653320960682
2015-09-29,0.0034906880938899714
2015-09-30,0.013537920523995307
2015-10-01,-0.000793222421177908
2015-10-02,0.059214516800552175
2015-10-05,0.030282502467423325
2015-10-06,0.008509529164953511
2015-10-07,0.024355896365912913
2015-10-08,0.015295116587688451
2015-10-09,-0.0027902552995737622
2015-10-12,-0.020647949806812626
2015-10-13,-0.011353656037913717
2015-10-14,0.018150701965229665
2015-10-15,0.009459674062604497
2015-10-16,-0.004365802011907583
2015-10-19,-0.016617470716374375
2015-10-20,0.0010174350102415517
2015-10-21,-0.020418213020659617
2015-10-22,-0.008694762568497908
2015-10-23,0.013710555624860645
2015-10-26,-0.017793947423151824
2015-10-27,-0.017583659908307795
2015-10-28,0.02744705802134252
2015-10-29,0.0177413577620238
2015-10-30,-0.0009333428241660832
2015-11-02,0.03820797152026127
2015-11-03,0.016125978242642447
2015-11-04,0.009096639735698579
2015-11-05,0.01182009488261694
2015-11-06,0.0048250369434011744
2015-11-09,-0.013594120405079025
2015-11-10,-0.02213145744135654
2015-11-11,-0.03187178167679525
2015-11-12,-0.03098642078666333
2015-11-13,0.0021846666807752613
2015-11-16,0.027321629773298294
2015-11-17,-0.017533673691724174
2015-11-18,0.0180480566292631
2015-11-19,-0.023886181966197538
2015-11-20,0.001520853588566838
2015-11-23,0.003404412904920307
2015-11-24,0.014388079019769965
2015-11-25,0.0032909846589563195
2015-11-27,-0.0117044415652922
2015-11-30,0.007667947497906734
2015-12-01,0.00850399797157104
2015-12-02,-0.03246953458797038
2015-12-03,-0.018317518496882113
2015-12-04,-0.02720680386483935
2015-12-07,-0.05002553586584196
2015-12-08,-0.021464258468189702
2015-12-09,0.025532785940861964
2015-12-10,0.025068341081123928
2015-12-11,-0.04159922916515809
2015-12-14,-0.022527802365305633
2015-12-15,0.009771356353252103
2015-12-16,0.006408966925746588
2015-12-17,-0.027053924266439135
2015-12-18,0.0016854963075253963
2015-12-21,0.028142399140801425
2015-12-22,0.017892400910312967
2015-12-23,0.05267302837687285
2015-12-24,-0.004282285567176593
2015-12-28,-0.03184063162464095
2015-12-29,0.011772192626242246
2015-12-30,-0.024545335857262682
2015-12-31,0.008918565530896256
2016-01-04,0.0026604632563839055
2016-01-05,0.004597226694122203
2016-01-06,-0.07013870523585364
2016-01-07,-0.04204589952007942
2016-01-08,0.002418434145982329
2016-01-11,-0.038626913431549365
2016-01-12,-0.03268894267272051
2016-01-13,-0.04108849509445964
2016-01-14,0.06009372711555047
2016-01-15,-0.031876495912801645
2016-01-19,-0.03357121233745657
2016-01-20,-0.01645441961337354
2016-01-21,0.07081599645827232
2016-01-22,0.04117343055197794
2016-01-25,-0.03952319514124475
2016-01-26,0.060234665913437936
2016-01-27,0.007350741269971396
2016-01-28,0.01960769643623358
2016-01-29,0.0356044073489886
2016-02-01,0.011698256720116361
2016-02-02,-0.04074070199636842
2016-02-03,0.025338344145690264
2016-02-04,0.03765343366103565
2016-02-05,-0.019096427968669605
2016-02-08,-0.06800052923133691
2016-02-09,0.010441994527741217
2016-02-10,0.00982308069161858
2016-02-11,-0.009986309103181568
2016-02-12,0.0441062420479293
2016-02-16,0.05368943516252741
2016-02-17,0.03519996803777714
2016-02-18,0.011428261199591174
2016-02-19,-0.02290237990101332
2016-02-22,0.041923248477451824
2016-02-23,-0.026313083321332132
2016-02-24,0.01174541856406799
2016-02-25,0.004982546358215701
2016-02-26,0.013596691697622353
2016-02-29,0.0022008699966411956
2016-03-01,0.034403843466342544
2016-03-02,0.03125842217204129
2016-03-03,0.02898913163132177
2016-03-04,0.0274834957385696
2016-03-07,0.006519587717975471
2016-03-08,-0.052771266135802145
2016-03-09,0.007675812013964767
2016-03-10,-0.00832483302714242
2016-03-11,0.041877696546968844
2016-03-14,-0.007791148946472247
2016-03-15,-0.011282199614257518
2016-03-16,0.016242193517586136
2016-03-17,0.00982280012645439
2016-03-18,0.00883107485480399
2016-03-21,0.0030817936752807642
2016-03-22,-0.0024887033102969037
2016-03-23,-0.04148776019371225
2016-03-24,0.009085250868854899
2016-03-28,-0.010691796844008039
2016-03-29,-0.004871079229333452
2016-03-30,0.0010384902358174354
2016-03-31,0.011854071004183129
2016-04-01,0.009967983076737953
2016-04-04,0.000690706133679042
2016-04-05,-0.00047036868417252905
2016-04-06,0.014129218590417571
2016-04-07,-0.016130742606326777
2016-04-08,-0.0026401483936544286
2016-04-11,-0.00586782467748882
2016-04-12,0.002231895908480008
2016-04-13,0.022590920998221953
2016-04-14,-0.003772457693148601
2016-04-15,-0.005162386440343235
2016-04-18,0.010765753720751737
2016-04-19,-0.0014913402631711707
2016-04-20,0.0018615797763293918
2016-04-21,0.0007369359120187545
2016-04-22,-0.0022104916804113308
2016-04-25,-0.019517307692012858
2016-04-26,0.010991058759841955
2016-04-27,-0.023791075709553543
2016-04-28,0.0007303538298514046
2016-04-29,-0.01601108805762107
2016-05-02,-0.005475527203393771
2016-05-03,-0.0034568817612470317
2016-05-04,-0.013189290198095028
2016-05-05,-0.003267811424127032
2016-05-06,-0.00727033401660502
2016-05-09,0.000668323409026639
2016-05-10,0.009087710182675759
2016-05-11,-0.009827865979539663
2016-05-12,-0.020389798725420055
2016-05-13,0.002669136257223759
2016-05-16,0.011997083711256195
2016-05-17,0.007964875417214913
2016-05-18,0.00039934576227742646
2016-05-19,-0.004736025303798607
2016-05-20,0.0015147001174282803
2016-05-23,0.0006332812741136616
2016-05-24,0.018340348046472464
2016-05-25,0.0032836791012599517
2016-05-26,-0.00635875187539935
2016-05-27,0.007166786470749954
2016-05-31,0.013271304914691206
2016-06-01,0.005346271451597219
2016-06-02,0.013727850886949788
2016-06-03,-0.00559002908748918
2016-06-06,0.009860810528105269
2016-06-07,0.013819711293505378
2016-06-08,0.005761502742618363
2016-06-09,9.78163661721317e-05
2016-06-10,-0.0155493394085233
2016-06-13,-0.025248560802250786
2016-06-14,-0.009909739753812654
2016-06-15,-0.0015083866798157538
2016-06-16,-0.012133521815244495
2016-06-17,0.012238467123815223
2016-06-20,0.0077047211876523185
2016-06-21,0.005868648204463799
2016-06-22,-0.0054910409934103245
2016-06-23,0.011114453970189177
2016-06-24,-0.0566508629428852
2016-06-27,-0.034023695673070425
2016-06-28,0.02923299651299982
2016-06-29,0.030963535114922627
2016-06-30,0.011186580600709171
2016-07-01,0.00621389766146805
2016-07-05,-0.0284415556303107
2016-07-06,0.001061107562192876
2016-07-07,0.015185072244384092
2016-07-08,0.031310436640722174
2016-07-11,0.016313846509377217
2016-07-12,0.04226944399869757
2016-07-13,-0.0012408815352112465
2016-07-14,0.02364692150214893
2016-07-15,-0.007803565682934633
2016-07-18,0.007985665126015418
2016-07-19,-0.005043342314430388
2016-07-20,0.004152853117936539
2016-07-21,-0.008610427685305844
2016-07-22,0.006502113988603785
2016-07-25,-0.002805263905946564
2016-07-26,0.00982932568928956
2016-07-27,-0.005061154514395483
2016-07-28,-0.0010883531119133868
2016-07-29,-0.005162824007569788
2016-08-01,-0.0014186351653880604
2016-08-02,-0.014437995075554535
2016-08-03,0.0034334014929295895
2016-08-04,-0.02021250133717122
2016-08-05,0.014122438459975115
2016-08-08,-0.0012494662257340318
2016-08-09,-0.0012541583553284832
2016-08-10,-0.01402630164553147
2016-08-11,0.0064643110157505575
2016-08-12,0.0024802418292300234
2016-08-15,0.005604217062855632
2016-08-16,-0.004416153662489707
2016-08-17,-0.0015143039701401633
2016-08-18,-0.002711520078895413
2016-08-19,0.018107693994110764
2016-08-22,0.0026069823405543645
2016-08-23,0.006052152434158264
2016-08-24,-0.0013228265018441435
2016-08-25,0.006993986429883837
2016-08-26,-0.00768012710516295
2016-08-29,0.0047130630931827575
2016-08-30,0.012334697379416748
2016-08-31,-0.0016532330912387484
2016-09-01,-0.006018011357975461
2016-09-02,0.0055562766165503045
2016-09-06,0.0072098876554119295
2016-09-07,0.003972201118936759
2016-09-08,0.007034510256493012
2016-09-09,-0.026053900689475305
2016-09-12,0.017381987550577817
2016-09-13,-0.034947338076171876
2016-09-14,-0.011261168644382182
2016-09-15,0.006000518711671777
2016-09-16,-0.001479951611459629
2016-09-19,-0.003523730595234742
2016-09-20,-0.0030819483010862806
2016-09-21,0.019384301938398817
2016-09-22,0.01791857789839212
2016-09-23,-0.007053676572491908
2016-09-26,-0.000818959208615777
2016-09-27,-0.000801476564746118
2016-09-28,0.012746626523793337
2016-09-29,-0.0046956734006392
2016-09-30,0.007856785111954524
2016-10-03,0.005879192933453359
2016-10-04,-0.00658628571802934
2016-10-05,0.001566412544931872
2016-10-06,0.012454077447066017
2016-10-07,-0.003922462512881441
2016-10-10,0.005597061656297742
2016-10-11,-0.011553454986379708
2016-10-12,0.003321384681544793
2016-10-13,0.015317990770845115
2016-10-14,-0.005812908656043726
2016-10-17,-0.007728243612046994
2016-10-18,0.0009212734627415786
2016-10-19,0.004291845328338063
2016-10-20,-0.010748866208207166
2016-10-21,-0.003462293822854934
2016-10-24,0.0010789484952178354
2016-10-25,-0.0035833437972845107
2016-10-26,0.0015254099623077774
2016-10-27,-0.01157822141045315
2016-10-28,-0.008719873836697437
2016-10-31,0.009013497358860778
2016-11-01,-0.00254217955240571
2016-11-02,-0.006281067342256851
2016-11-03,-0.010420868903418668
2016-11-04,0.011387800926816526
2016-11-07,0.02616039333590177
2016-11-08,-0.002376098596998688
2016-11-09,0.04230165097393505
2016-11-10,0.019143166671555866
2016-11-11,-0.013815716848288197
2016-11-14,-0.0018344630311231905
2016-11-15,0.006737833457630404
2016-11-16,-0.007841411480821325
2016-11-17,-0.003087480081852334
2016-11-18,-0.02113785964818842
2016-11-21,0.00965661894018155
2016-11-22,-0.012031809384935088
2016-11-23,0.004449431751598709
2016-11-25,0.0032764193429863147
2016-11-28,0.003596061686201436
2016-11-29,-0.0034793234350731345
2016-11-30,-0.01245159997823403
2016-12-01,-0.014422016624014601
2016-12-02,-0.0015980285709342853
2016-12-05,0.01876568069832593
2016-12-06,0.0028517960170621687
2016-12-07,0.011821362167221617
2016-12-08,0.02278626885360967
2016-12-09,-0.0011733487255298207
2016-12-12,-0.01844404837166761
2016-12-13,-0.0035631465971298288
2016-12-14,-0.015568637440010136
2016-12-15,-0.013623192642111115
2016-12-16,0.01194236824677437
2016-12-19,0.0004088702182718843
2016-12-20,0.00282695493927263
2016-12-21,4.807273879440263e-05
2016-12-22,-0.00833382287214558
2016-12-23,0.0015997611724768769
2016-12-27,0.00037967976761896834
2016-12-28,-0.007035664363427152
2016-12-29,-0.0006171852875433428
2016-12-30,-0.00532336359889708
2017-01-03,0.011322936630942282
2017-01-04,0.014853767812270092
2017-01-05,-0.011999239383630978
2017-01-06,-0.007480482204207618
2017-01-09,-0.004297531788637076
2017-01-10,0.00654170057643988
2017-01-11,-0.012525097732825487
2017-01-12,0.0009206299283188947
2017-01-13,-0.0009962253208177676
2017-01-17,0.01292058065654629
2017-01-18,-0.008144147737548669
2017-01-19,-0.010900385355179877
2017-01-20,0.004899834261845271
2017-01-23,0.002405285782375011
2017-01-24,0.01004899767365637
2017-01-25,0.014628170655409334
2017-01-26,-0.02591695347490769
2017-01-27,-0.0075745304314717935
2017-01-30,0.0018658582471274166
2017-01-31,0.010500502494818355
2017-02-01,-0.0084877764146315
2017-02-02,-0.0009482452298500756
2017-02-03,0.009958370905192184
2017-02-06,-0.00926261746087168
2017-02-07,-0.006091385608415644
2017-02-08,0.018954178816138534
2017-02-09,0.018180028103694627
2017-02-10,-0.0006793503832574382
2017-02-13,-0.0010596636960495732
2017-02-14,0.017903674263369355
2017-02-15,0.01022169504584024
2017-02-16,-0.012846425047708221
2017-02-17,0.008515212252405358
2017-02-21,0.0029936013166399493
2017-02-22,-0.001108886484619742
2017-02-23,-0.00998365085386157
2017-02-24,0.0161644522802736
2017-02-27,-0.0010409252840948738
2017-02-28,-0.043351569455976416
2017-03-01,0.004358197042967327
2017-03-02,-0.003878842873621835
2017-03-03,0.0022882734668953843
2017-03-06,-0.006337260292026792
2017-03-07,-0.018872107546864893
2017-03-08,0.005194675336037258
2017-03-09,0.007130585732346551
2017-03-10,0.005584107824259033
2017-03-13,-0.0013881572641587293
2017-03-14,-0.0186731955075729
2017-03-15,0.010358030722886382
2017-03-16,-0.006949760318921649
2017-03-17,-0.0036475996819287037
2017-03-20,0.012450025727102444
2017-03-21,-0.018781119628343834
2017-03-22,-0.011283736794046772
2017-03-23,0.014735480562189252
2017-03-24,0.010024242286555018
2017-03-27,0.002924128100300283
2017-03-28,0.009185445350226796
2017-03-29,0.014810137731297312
2017-03-30,-0.008505204459025974
2017-03-31,-0.002900352555510255
2017-04-03,-0.008278858911436062
2017-04-04,0.00956877309262747
2017-04-05,-0.00937707860519903
2017-04-06,0.016968391441214512
2017-04-07,0.004168163759959776
2017-04-10,0.010577050472144566
2017-04-11,-0.009888058769733098
2017-04-12,-0.009647368252635758
2017-04-13,-0.002002819053582195
2017-04-17,0.0022864846621118654
2017-04-18,-0.014775425684976598
2017-04-19,-0.004974637811735173
2017-04-20,-0.0028167490922254125
2017-04-21,0.0033440280481192965
2017-04-24,0.0041238873760811815
2017-04-25,0.001938630102974804
2017-04-26,0.01232201326731819
2017-04-27,-0.004286219344169128
2017-04-28,-4.2751126727291365e-05
2017-05-01,-0.007773984548704506
2017-05-02,0.009882103471028716
2017-05-03,0.0013917695655570107
2017-05-04,-0.005242713889136441
2017-05-05,0.013564345957028625
2017-05-08,-0.0032499733573669305
2017-05-09,0.0008794720397231502
2017-05-10,0.002706506118082053
2017-05-11,-0.009457862606167877
2017-05-12,-0.021079044801003477
2017-05-15,0.007486213629011184
2017-05-16,-0.01044634306613327
2017-05-17,-0.020882658414720368
2017-05-18,0.009026087674864715
2017-05-19,0.010132866068343504
2017-05-22,0.00566249597231715
2017-05-23,-0.004599794126456703
2017-05-24,-0.0045283999675353355
2017-05-25,-0.0034436645658271767
2017-05-26,-0.0064952948333756085
2017-05-30,-0.010171084445562608
2017-05-31,-0.0051057186505726665
2017-06-01,0.024594406159416285
2017-06-02,-0.011085320023131319
2017-06-05,0.002054498446226483
2017-06-06,0.0017142084869894657
2017-06-07,-0.009125888042312702
2017-06-08,0.0005250969334097742
2017-06-09,0.02600347038862212
2017-06-12,0.013508872095650116
2017-06-13,0.013342089777429067
2017-06-14,-0.014026645012986106
2017-06-15,-0.002376944425855854
2017-06-16,0.005063194349434431
2017-06-19,-0.008082803165073083
2017-06-20,-0.013382180594663128
2017-06-21,-0.02179044681518788
2017-06-22,0.007632189784944844
2017-06-23,0.015269690134486081
2017-06-26,0.012362179972167086
2017-06-27,0.0007896259486487429
2017-06-28,0.009571674404887287
2017-06-29,0.007916669403240761
2017-06-30,-0.003573843509625552
2017-07-03,0.018113810048208126
2017-07-05,-0.040343323250847614
2017-07-06,-0.02111630928449608
2017-07-07,-0.004651592599444521
2017-07-10,-0.0006429945094462931
2017-07-11,0.0034378367249061517
2017-07-12,0.005103149814449205
2017-07-13,0.012328247699163755
2017-07-14,0.0033553170535937206
2017-07-17,-0.0052767081144715735
2017-07-18,-0.010758990484664289
2017-07-19,0.02538770506530057
2017-07-20,-0.00956376643920749
2017-07-21,-0.005213382341382612
2017-07-24,-0.006659979040820375
2017-07-25,0.02311014040721307
2017-07-26,-0.0002503549631465262
2017-07-27,0.015855899636543123
2017-07-28,0.003827636260349421
2017-07-31,0.00047139132606306423
2017-08-01,0.009506900277528329
2017-08-02,-0.0021162869151704067
2017-08-03,-0.004461917696641538
2017-08-04,0.0008477666588674436
2017-08-07,-0.005990916758136078
2017-08-08,-0.00786180771676649
2017-08-09,-0.002485870256615441
2017-08-10,-0.022337757031699854
2017-08-11,0.008017896389022238
2017-08-14,0.005322804428069716
2017-08-15,-0.026975660764296003
2017-08-16,0.009843737233979934
2017-08-17,-0.01353351408751955
2017-08-18,-0.005157055344016992
2017-08-21,-0.0023287629664199617
2017-08-22,0.0056378079697302465
2017-08-23,-0.017396764002746222
2017-08-24,-0.0007636132871420288
2017-08-25,0.00645022941451422
2017-08-28,-0.005689406379131745
2017-08-29,0.0012211440031279944
2017-08-30,0.004252591418438401
2017-08-31,0.004631182838923289
2017-09-01,0.013453360235554124
2017-09-05,-0.0016871533421094608
2017-09-06,0.011679447851107704
2017-09-07,-0.004206531783118361
2017-09-08,-0.010158532328617253
2017-09-11,0.011022127604526257
2017-09-12,0.013624433010911987
2017-09-13,0.021870670592783616
2017-09-14,0.0005828595461603311
2017-09-15,0.003759179146655245
2017-09-18,-0.003512180532213527
2017-09-19,-0.01357851983176034
2017-09-20,0.007944248107518958
2017-09-21,-0.0009917601623614216
2017-09-22,0.0034323794946819926
2017-09-25,0.01593823116042682
2017-09-26,0.0056186364532954565
2017-09-27,0.0066820879765519085
2017-09-28,-0.011076737004290706
2017-09-29,0.004718386677058706
2017-10-02,0.0032538972839617044
2017-10-03,0.0032840082569780228
2017-10-04,-0.00028351129256595266
2017-10-05,0.0011022497142176286
2017-10-06,-0.0031103617769187796
2017-10-09,-0.007753331962146049
2017-10-10,0.006841290266440238
2017-10-11,0.00024019112383013555
2017-10-12,0.003607130391227498
2017-10-13,0.0013411548109979357
2017-10-16,-0.00551479168749579
2017-10-17,-0.010650859077136587
2017-10-18,-0.0012600026033665393
2017-10-19,0.0013746389986013516
2017-10-20,0.004298162208267054
2017-10-23,0.0003910783276989458
2017-10-24,-0.000962971815985525
2017-10-25,-0.009521114258640308
2017-10-26,0.0065991947385284026
2017-10-27,-0.006318152187157268
2017-10-30,-0.013121529372982745
2017-10-31,0.007724837293815524
2017-11-01,-0.007219342388497651
2017-11-02,-0.007303239336004965
2017-11-03,-0.0009668283681349857
2017-11-06,0.016376544823853152
2017-11-07,-0.025243362058734908
2017-11-08,0.0009578771296167911
2017-11-09,0.009569290192422666
2017-11-10,0.014616609460445462
2017-11-13,-0.018435471255762993
2017-11-14,-0.008757019726676895
2017-11-15,0.005193772728972845
2017-11-16,0.008463556998999557
2017-11-17,0.003907159096206004
2017-11-20,-0.0008244137121017673
2017-11-21,0.0009077445067622318
2017-11-22,0.01202406995717269
2017-11-24,-0.0038371969588468897
2017-11-27,0.00020072938225942352
2017-11-28,0.014387117685468442
2017-11-29,0.018544745525618425
2017-11-30,-0.003791376048096295
2017-12-01,-0.006686744216647012
2017-12-04,-0.008225401015218448
2017-12-05,-0.007934585802308426
2017-12-06,-0.0037562590860940608
2017-12-07,0.007613768176044968
2017-12-08,0.013180321542488684
2017-12-11,0.0035154537703440568
2017-12-12,0.0029439313880146303
2017-12-13,0.007673165199643517
2017-12-14,-0.005559484347921428
2017-12-15,0.029909874825214053
2017-12-18,0.0123042007935842
2017-12-19,-0.007125525450409433
2017-12-20,-0.009772924385626715
2017-12-21,0.01671003618851992
2017-12-22,-0.004619652818122
2017-12-26,0.004129200951643341
2017-12-27,0.002898135613122654
2017-12-28,-0.0026672049608907457
2017-12-29,-0.018101536640864845
2018-01-02,0.011962369919971771
2018-01-03,0.0002850599090330697
2018-01-04,0.002002383195233459
2018-01-05,0.007981816563332168
2018-01-08,0.0056892090935748325
2018-01-09,0.0039720310018173
2018-01-10,-0.01770137787694289
2018-01-11,0.0068389407954091
2018-01-12,0.0072680123933097085
2018-01-16,-0.009906774015620668
2018-01-17,0.006741264021560856
2018-01-18,0.0010716916908813045
2018-01-19,0.0008760576029729809
2018-01-22,0.008796536727574125
2018-01-23,0.01565640766200279
2018-01-24,-0.012230728538355584
2018-01-25,-0.003148249982497597
2018-01-26,0.006565280751915981
2018-01-29,-0.007739017174799124
2018-01-30,-0.004783275140005038
2018-01-31,0.0053127633312581414
2018-02-01,-0.01321666282229036
2018-02-02,-0.009461460913564479
2018-02-05,-0.02532839950551803
2018-02-06,0.013556648471421129
2018-02-07,-0.003094186600408844
2018-02-08,-0.024209908252200065
2018-02-09,0.013824592849907405
2018-02-12,0.006101255780811643
2018-02-13,-0.001592109412566634
2018-02-14,-0.0044443110969401445
2018-02-15,0.0199774542825945
2018-02-16,0.007403736365474778
2018-02-20,-0.008979714346092328
2018-02-21,-0.014243872242898359
2018-02-22,0.0041643619844714645
2018-02-23,0.020051281217580597
2018-02-26,0.0002494505423795034
2018-02-27,-0.022261977961864087
2018-02-28,-0.01512854158334148
2018-03-01,0.01005676748313199
2018-03-02,0.013425202353024667
2018-03-05,0.017893697304340983
2018-03-06,-0.002001189088430779
2018-03-07,-0.0024864549794592406
2018-03-08,0.008666422030909773
2018-03-09,0.016146954315614328
2018-03-12,0.009264476868471127
2018-03-13,-0.017115413169627905
2018-03-14,-0.0028899015952023044
2018-03-15,-0.008220863600110106
2018-03-16,0.011390653347217818
2018-03-19,-0.028501529568908324
2018-03-20,-0.0021127736871340962
2018-03-21,0.027622362889981555
2018-03-22,-0.021739250875176443
2018-03-23,-0.010245917013817163
2018-03-26,0.01120450349782982
2018-03-27,-0.012666940310756715
2018-03-28,-0.00639246457127729
2018-03-29,0.020034422022158008
2018-04-02,-0.025257839703847963
2018-04-03,0.007631163097401173
2018-04-04,0.012982539545351512
2018-04-05,0.009429751470455473
2018-04-06,-0.01988550565517868
2018-04-09,-0.0016776128480511469
2018-04-10,0.021149450291859034
2018-04-11,0.00634541566525757
2018-04-12,0.0040059642843136905
2018-04-13,0.0030413131046091112
2018-04-16,0.011575461182902803
2018-04-17,0.006100596451958984
2018-04-18,4.835049482414602e-05
2018-04-19,-0.015732373127213685
2018-04-20,-0.011550781360361752
2018-04-23,0.013250431787812014
2018-04-24,-0.003982445755654806
2018-04-25,-0.006459598539933743
2018-04-26,0.026667597110585473
2018-04-27,0.005438739386845505
2018-04-30,-0.004437107638873716
2018-05-01,0.0027886404497935325
2018-05-02,-0.013469960397404704
2018-05-03,0.002249427478195098
2018-05-04,0.01168493046470438
2018-05-07,0.0033189869487131557
2018-05-08,-0.0011423600934418747
2018-05-09,0.0058641228315987285
2018-05-10,0.010588505878819366
2018-05-11,0.0011137674670646295
2018-05-14,0.010226675851877719
2018-05-15,0.00253614237587535
2018-05-16,0.015900909357667213
2018-05-17,-0.0035741823349610628
2018-05-18,-0.004772690608002971
2018-05-21,0.007282428421454578
2018-05-22,0.0027359414630850664
2018-05-23,0.004973823079382312
2018-05-24,0.002863734144207875
2018-05-25,0.006988265661717542
2018-05-29,-0.00848152378268542
2018-05-30,0.008066023673730483
2018-05-31,-0.016310490728560546
2018-06-01,-0.00039060251500365743
2018-06-04,0.007240345978144671
2018-06-05,-0.001981898217716871
2018-06-06,0.006746099148118523
2018-06-07,0.00495217774997796
2018-06-08,0.011672911354615113
2018-06-11,0.010226817729348903
2018-06-12,0.004467183910467664
2018-06-13,-0.0019156335293744496
2018-06-14,0.010362767168509824
2018-06-15,0.008193180661027066
2018-06-18,-0.00842864214411235
2018-06-19,0.0020869225501657694
2018-06-20,-0.00011940600001602002
2018-06-21,-0.0037148455943815223
2018-06-22,0.012727882143244319
2018-06-25,0.0006413763588573487
2018-06-26,-0.0039668188583651285
2018-06-27,-0.015999570437766418
2018-06-28,0.0014726083951111975
2018-06-29,-0.002029492811207179
2018-07-02,0.008401886306221762
2018-07-03,-0.003848213642952303
2018-07-05,0.006017309055198229
2018-07-06,0.0061052222765091155
2018-07-09,0.019523093692864504
2018-07-10,0.0007561060160457206
2018-07-11,-0.013066051029038872
2018-07-12,0.00423429787356453
2018-07-13,0.0035239075217901707
2018-07-16,0.0005287350080098064
2018-07-17,0.007379225722841043
2018-07-18,0.005582823947512605
2018-07-19,-0.008549954190438226
2018-07-20,-0.0024830109323221825
2018-07-23,0.00045808377629824614
2018-07-24,-0.0076870567465325505
2018-07-25,0.009433539192039486
2018-07-26,0.01195171876922202
2018-07-27,0.0015936777685272238
2018-07-30,0.002450834848282613
2018-07-31,0.008026859489954508
2018-08-01,-0.0071349921572324004
2018-08-02,0.00973284073521995
2018-08-03,0.0056367351844244466
2018-08-06,0.005355731246553131
2018-08-07,0.0049919422502911715
2018-08-08,-0.008743984487576462
2018-08-09,-0.001652838622451025
2018-08-10,-0.009048470906655792
2018-08-13,-0.002495689613723762
2018-08-14,0.009120216973177818
2018-08-15,-0.009501190825314464
2018-08-16,0.008369837931021553
2018-08-17,0.004491060716332263
2018-08-20,0.012250226039888469
2018-08-21,0.006428055429592317
2018-08-22,-0.001137332965506388
2018-08-23,-0.006578920179445748
2018-08-24,0.005719502217380091
2018-08-27,0.007096133717014554
2018-08-28,0.003703098643117064
2018-08-29,0.0031429293866089177
2018-08-30,-0.005334696401304208
2018-08-31,-0.0019897457900891814
2018-09-04,-0.01684393530743891
2018-09-05,-0.00046496765288645063
2018-09-06,-0.01186589912889141
2018-09-07,-0.0010253056752641543
2018-09-10,-0.0011027106435708258
2018-09-11,-0.00662233406442061
2018-09-12,0.003432856110366521
2018-09-13,0.0047021424818883386
2018-09-14,-0.0022283676191329873
2018-09-17,-0.003119239625106651
2018-09-18,0.005220019841603863
2018-09-19,0.007804142549411352
2018-09-20,0.009729366014400765
2018-09-21,0.009603869105530283
2018-09-24,-0.01888858404658231
2018-09-25,-0.0002910440382252746
2018-09-26,-0.009064039681800496
2018-09-27,0.001880056516445527
2018-09-28,0.0032060602894704252
2018-10-01,-0.001982917764167658
2018-10-02,-0.001810753565246404
2018-10-03,0.0021517845922133677
2018-10-04,-0.0019080450338381126
2018-10-05,-0.0030345762308565784
2018-10-08,0.004765649488673495
2018-10-09,-0.005832601150876082
2018-10-10,-0.018035850606575733
2018-10-11,-0.022119028132829524
2018-10-12,0.012198630505912045
2018-10-15,0.004128163909715887
2018-10-16,0.02359694100542231
2018-10-17,-0.011750595278269637
2018-10-18,-0.013613296069533065
2018-10-19,-0.002977028493306311
2018-10-22,-0.011457083781600472
2018-10-23,0.006341318722156487
2018-10-24,-0.031182953628887167
2018-10-25,0.005748711190105616
2018-10-26,-0.014140574895799885
2018-10-29,-0.01024885835187519
2018-10-30,0.03853964442077358
2018-10-31,0.0075972318918449576
2018-11-01,0.07524078184681027
2018-11-02,-0.002818594938826402
2018-11-05,0.013953152624349353
2018-11-06,-0.005156219512496929
2018-11-07,0.019527383579685375
2018-11-08,-0.02667302212315563
2018-11-09,-0.011878259837838011
2018-11-12,-0.0268335439450488
2018-11-13,0.0086110828453826
2018-11-14,-0.0022172408028998006
2018-11-15,0.01709118831316361
2018-11-16,-0.01023410510947015
2018-11-19,-0.021990265655267398
2018-11-20,-0.009540158518328502
2018-11-21,0.022174841827045533
2018-11-23,0.00030968631024657115
2018-11-26,0.03506289054966479
2018-11-27,-0.005102395259649006
2018-11-28,0.021850928252377003
2018-11-29,-0.013233595083618866
2018-11-30,-0.0003103547910307088
2018-12-03,0.03327453904930742
2018-12-04,-0.041188311491593264
2018-12-06,-0.01183810218911553
2018-12-07,-0.030834364321648714
2018-12-10,-0.011447340891833146
2018-12-11,-0.006662276632659982
2018-12-12,0.006569559475293974
2018-12-13,-0.0005479774108379189
2018-12-14,-0.022089388459476667
2018-12-17,-0.016300440527693884
2018-12-18,-0.014374372644131264
2018-12-19,-0.0027836783139290836
2018-12-20,-0.025723250927336273
2018-12-21,-0.023053082085175893
2018-12-24,-0.022213465713718104
2018-12-26,0.0613792013763464
2018-12-27,0.0026461663221366673
2018-12-28,-0.0016482919866686494
2018-12-31,0.006319831345635541
2019-01-02,0.02539596258451242
2019-01-03,-0.012984029029449262
2019-01-04,0.04574824999612799
2019-01-07,0.02304143192313241
2019-01-08,0.006408146600146981
2019-01-09,0.014940572929824904
2019-01-10,0.00802249020127166
2019-01-11,0.010394427919271351
2019-01-14,0.0025495090187908523
2019-01-15,0.0051930798563697205
2019-01-16,-0.0012032990551101856
2019-01-17,0.012401370954350455
2019-01-18,0.022986903420375016
2019-01-22,-0.02245631866653474
2019-01-23,-0.0043950391100973886
2019-01-24,0.015484396757065179
2019-01-25,0.015237549257206273
2019-01-28,-0.021591153738167314
2019-01-29,0.00915114624948553
2019-01-30,0.019360957791915382
2019-01-31,0.0011804843120513332
2019-02-01,-0.003028613620450317
2019-02-04,-0.0011209672623661462
2019-02-05,0.012042549594448794
2019-02-06,-0.0026697622594257456
2019-02-07,-0.0017041352272904487
2019-02-08,0.0046227190567235225
2019-02-11,0.0023541581947433277
2019-02-12,0.01416477696120644
2019-02-13,0.0038762781959997827
2019-02-14,-0.003197571934631727
2019-02-15,0.009683277994330509
2019-02-19,0.003910376563401541
2019-02-20,-0.0006927958872276149
2019-02-21,0.0007656428381170973
2019-02-22,-0.0011137831813430195
2019-02-25,-0.005915295629701012
2019-02-26,-2.0882260633403485e-05
2019-02-27,0.013122721220046464
2019-02-28,0.007345494115191455
2019-03-01,-0.0029142751193615753
2019-03-04,-0.007962779099033136
2019-03-05,-0.0061573491760755885
2019-03-06,-0.020710162241060318
2019-03-07,-0.006507179016725029
2019-03-08,-0.0010725097654287529
2019-03-11,0.012380956230681072
2019-03-12,0.0044406336642582095
2019-03-13,0.01930705210640774
2019-03-14,-0.01190596267843498
2019-03-15,-0.0006921251620732755
2019-03-18,-6.041403271030946e-05
2019-03-19,0.005974928864243301
2019-03-20,-0.009487713942116349
2019-03-21,0.017328998527086026
2019-03-22,-0.025496603577935345
2019-03-25,-0.0021240852590635236
2019-03-26,0.0052417731195824055
2019-03-27,-0.01028648864800895
2019-03-28,0.007629706954628757
2019-03-29,0.00551061809825687
2019-04-01,0.006705110878542199
2019-04-02,-0.0041358777775228565
2019-04-03,0.002551890529315082
2019-04-04,0.010244981796307126
2019-04-05,0.018962127179540735
2019-04-08,0.0004070434166971393
2019-04-09,-0.006985069859548443
2019-04-10,0.006338192247877761
2019-04-11,-0.01067246047876018
2019-04-12,-0.003178430057414627
2019-04-15,-0.0055463393482075175
2019-04-16,-0.011875504125267222
2019-04-17,-0.02204236053807551
2019-04-18,0.0026909212235585516
2019-04-22,-0.017600430268964865
2019-04-23,0.016915761038984026
2019-04-24,-0.0032326227020623493
2019-04-25,-0.00422162854249939
2019-04-26,0.01682821918640253
2019-04-29,0.005243892224014836
2019-04-30,-0.001979956848630626
2019-05-01,-0.007950377333166359
2019-05-02,0.014346924533444041
2019-05-03,0.009137346085217334
2019-05-06,0.009919425746889567
2019-05-07,-0.019331379043852324
2019-05-08,0.0017719200694860326
2019-05-09,-0.012622822019909528
2019-05-10,-0.009771969250522506
2019-05-13,-0.027385102485516656
2019-05-14,0.009258789739676055
2019-05-15,-0.0019694402725405793
2019-05-16,0.004105234633187982
2019-05-17,-0.011802734179316923
2019-05-20,-0.0003599403856144878
2019-05-21,0.011994348652384003
2019-05-22,2.8806709327644617e-05
2019-05-23,-0.009960715365875372
2019-05-24,0.005044127000632903
2019-05-28,-0.00982191336334911
2019-05-29,-0.0108384295440343
2019-05-30,0.0009557686495026421
2019-05-31,-0.018751512234097368
2019-06-03,0.023292052087593787
2019-06-04,0.038334093677074216
2019-06-05,-0.012775894028734183
2019-06-06,-0.0003197854843412951
2019-06-07,0.002824533408298779
2019-06-10,0.013567780474722159
2019-06-11,0.003658497752660273
2019-06-12,-0.02263766274756759
2019-06-13,0.023608487026139272
2019-06-14,-0.02158374569703312
2019-06-17,0.00853504452552073
2019-06-18,0.026242586396014192
2019-06-19,-0.002841401894156782
2019-06-20,0.023869253947971066
2019-06-21,0.007527226726924885
2019-06-24,-0.009755819181911785
2019-06-25,-0.00543902408909025
2019-06-26,0.025957908469738333
2019-06-27,0.005241683595575686
2019-06-28,0.01778903709993
2019-07-01,0.0011604142481625118
2019-07-02,-0.009586966637840567
2019-07-03,0.006028965040751799
2019-07-05,0.004734210364748293
2019-07-08,-0.0030326762412116624
2019-07-09,-0.00285557712714164
2019-07-10,0.0034675617025051843
2019-07-11,0.003492092366794164
2019-07-12,0.009611542774058046
2019-07-15,0.003958995562165269
2019-07-16,-0.006040116302771348
2019-07-17,-0.0168833448461908
2019-07-18,-0.0038438393641312186
2019-07-19,0.0021037703646596406
2019-07-22,-0.002797498694665246
2019-07-23,0.009800307578549737
2019-07-24,0.011056505190972976
2019-07-25,-0.036878285111407665
2019-07-26,-2.1287287826887908e-05
2019-07-29,-0.0022509375944589024
2019-07-30,0.012005529905095659
2019-07-31,-0.001758387955669405
2019-08-01,-0.011278466607679914
2019-08-02,-0.008251648837974846
2019-08-05,-0.039514389787970054
2019-08-06,0.005136179799941032
2019-08-07,-0.005830384971713687
2019-08-08,0.012904041637969942
2019-08-09,-0.045903787337571625
2019-08-12,-0.031971239787881814
2019-08-13,0.007044438172864653
2019-08-14,-0.032392721883236344
2019-08-15,-0.017543350287848335
2019-08-16,0.01518295762975145
2019-08-19,0.013990273172045521
2019-08-20,-0.01452166514762058
2019-08-21,0.009827494990675978
2019-08-22,0.002866058674299677
2019-08-23,-0.031215046063781407
2019-08-26,0.008527179166555966
2019-08-27,-0.004867673056076992
2019-08-28,0.019075840533875232
2019-08-29,0.013652996164051303
2019-08-30,0.0038012070181481458
2019-09-03,-0.01923463939972778
2019-09-04,0.015689118965024965
2019-09-05,0.0406918161739725
2019-09-06,-0.003616365024948974
2019-09-09,0.026623279429396608
2019-09-10,0.040960712097307325
2019-09-11,0.01977674483202301
2019-09-12,-0.015309064440398843
2019-09-13,-0.00032310840524794063
2019-09-16,0.010181378024509146
2019-09-17,-0.011618320032443117
2019-09-18,-0.008676005017101427
2019-09-19,-0.002923828176565302
2019-09-20,-0.008242453235078686
2019-09-23,0.0044084350531705795
2019-09-24,-0.016276750944529052
2019-09-25,0.004732456735638003
2019-09-26,-0.01349250612000198
2019-09-27,0.004647822027287862
2019-09-30,0.014420276299170653
2019-10-01,0.0022556705429267907
2019-10-02,-0.008248680679545983
2019-10-03,0.009658487342572786
2019-10-04,0.008376845317046477
2019-10-07,-0.0005711350149649629
2019-10-08,-0.013200399220951788
2019-10-09,0.008435291163135485
2019-10-10,0.016637654559247643
2019-10-11,0.0028038243646869476
2019-10-14,-0.0002780973426993014
2019-10-15,0.018190380570340236
2019-10-16,-0.0032734976142704494
2019-10-17,0.018209658976030177
2019-10-18,-0.010009408488193138
2019-10-21,0.0011563699972362727
2019-10-22,0.004891090440003187
2019-10-23,0.0029873532627479943
2019-10-24,-0.0005384713390029657
2019-10-25,0.003787229134264692
2019-10-28,0.006710462640663207
2019-10-29,0.015215701392792061
2019-10-30,0.01455557807819553
2019-10-31,-0.007439325998361091
2019-11-01,0.04178838567224517
2019-11-04,0.03661593956400207
2019-11-05,-0.003469970819812884
2019-11-06,-0.020635441621988763
2019-11-07,0.015096677314001342
2019-11-08,0.0006813632651757049
2019-11-11,-0.006171965238155652
2019-11-12,0.011692998325956008
2019-11-13,-0.019277700006536082
2019-11-14,0.0046534690576181875
2019-11-15,0.019722030978096786
2019-11-18,-0.020489618807135047
2019-11-19,-0.016439706886297624
2019-11-20,0.00968507053424156
2019-11-21,0.0063267731783905445
2019-11-22,0.0008533876594413183
2019-11-25,0.01798626961381692
2019-11-26,-0.016427901179977757
2019-11-27,0.019140513409211062
2019-11-29,-0.01570176558369405
2019-12-02,-0.010746564925039927
2019-12-03,-0.007518255252762006
2019-12-04,0.014592075891897018
2019-12-05,0.0019285113411075972
2019-12-06,0.008092839230940996
2019-12-09,-0.001717824434783522
2019-12-10,0.0027518132927146894
2019-12-11,0.004239596833310444
2019-12-12,0.010489816164689367
2019-12-13,0.00832379642044736
2019-12-16,0.011231119190211325
2019-12-17,-0.004179462312479309
2019-12-18,0.007421914091129312
2019-12-19,0.008316968034308505
2019-12-20,0.008588641264022867
2019-12-23,0.0022809318801510154
2019-12-24,0.000838903085549658
2019-12-26,0.002656071937971838
2019-12-27,-0.001370271069031237
2019-12-30,0.0003899369846757206
2019-12-31,0.008126801619160929
2020-01-02,0.004496514808478969
2020-01-03,-0.010225890739268419
2020-01-06,0.0034550611509782453
2020-01-07,-0.0006871433524586414
2020-01-08,-0.0009978441499244655
2020-01-09,0.0004049050840536756
2020-01-10,0.0035316333746831514
2020-01-13,0.001976474153416297
2020-01-14,0.01159578898952003
2020-01-15,0.007695395299043927
2020-01-16,0.01155191300620957
2020-01-17,-0.004538297534109192
2020-01-21,-0.01118025795490286
2020-01-22,0.00504764132970711
2020-01-23,0.006182362098283456
2020-01-24,-0.006380128928605377
2020-01-27,-0.009403602232047783
2020-01-28,0.00909762348780082
2020-01-29,-0.0011638290006618871
2020-01-30,-0.00118212332171781
2020-01-31,-0.02323204351009388
2020-02-03,0.005007180208266505
2020-02-04,0.018174028351158146
2020-02-05,0.037326615134741295
2020-02-06,-0.020212673041173378
2020-02-07,-0.018711284184623957
2020-02-10,-0.008318670440362275
2020-02-11,0.020141710070461505
2020-02-12,0.01767430271152768
2020-02-13,-0.004348237967363178
2020-02-14,-0.01041526715945469
2020-02-18,-0.0022301818526426773
2020-02-19,0.003308199582242366
2020-02-20,0.012040182487362496
2020-02-21,-0.01986265763605678
2020-02-24,-0.03892013533930644
2020-02-25,-0.04194234484425099
2020-02-26,-0.017765589648091672
2020-02-27,-0.020898491074873717
2020-02-28,0.0061631623615451495
2020-03-02,0.0015780141387632517
2020-03-03,-0.03082672545587884
2020-03-04,0.015271889466266897
2020-03-05,-0.07994154871802296
2020-03-06,-0.07172913731266418
2020-03-09,-0.25913748497701644
2020-03-10,0.08806699828630399
2020-03-11,-0.10440671208331374
2020-03-12,-0.17317591242263813
2020-03-13,0.13026395163914448
2020-03-16,-0.09283209793722592
2020-03-17,-0.053288730206548805
2020-03-18,-0.1850112369257571
2020-03-19,0.06505908681948137
2020-03-20,-0.001117023197062561
2020-03-23,0.024687631182189106
2020-03-24,0.20950372070818968
2020-03-25,0.08707406247541209
2020-03-26,0.04129416330711658
2020-03-27,-0.11384322100001168
2020-03-30,-0.05945268636677886
2020-03-31,0.02602382017997
2020-04-01,-0.11546071652745592
2020-04-02,0.042677175470693565
2020-04-03,0.03721826692410335
2020-04-06,0.12922340490795722
2020-04-07,0.07789971638688933
2020-04-08,0.08368785973623134
2020-04-09,0.057843339150023
2020-04-13,-0.050004257585824226
2020-04-14,0.021624083096408484
2020-04-15,-0.054197673796775155
2020-04-16,-0.04809474941159925
2020-04-17,0.09598219368528706
2020-04-20,-0.04334984341613673
2020-04-21,-0.025395349718921743
2020-04-22,0.016418177087681673
2020-04-23,0.06652681410240346
2020-04-24,-0.011944210909146437
2020-04-27,0.058869692521480325
2020-04-28,0.0714452429679617
2020-04-29,0.12381988668568905
2020-04-30,-0.0288984001601304
2020-05-01,-0.04024578498046944
2020-05-04,-0.006129039110945269
2020-05-05,-0.003150049654500031
2020-05-06,-0.03152598007827708
2020-05-07,0.02389328090859403
2020-05-08,0.031010526847978205
2020-05-11,-0.01613385901853597
2020-05-12,-0.03569893397634084
2020-05-13,-0.024251852953476608
2020-05-14,0.010923290430260404
2020-05-15,-0.01153333880610049
2020-05-18,0.05739242292002294
2020-05-19,-0.014239689868196558
2020-05-20,0.027842276588632
2020-05-21,0.0032488973220719313
2020-05-22,-0.0007457742518726777
2020-05-26,0.05005372230157673
2020-05-27,0.025756700952614668
2020-05-28,-0.005507720413460926
2020-05-29,-0.001315748913744486
2020-06-01,0.035592046959778655
2020-06-02,0.014824413117236347
2020-06-03,0.0455999879934902
2020-06-04,0.007555436667724524
2020-06-05,0.037661836675851684
2020-06-08,0.059175081502648
2020-06-09,-0.04038928359005402
2020-06-10,-0.03990114594443245
2020-06-11,-0.07406245800508401
2020-06-12,0.03477602717245999
2020-06-15,-0.005066272858479814
2020-06-16,0.03355303563942589
2020-06-17,-0.02147589858861949
2020-06-18,-0.005606590814057099
2020-06-19,-0.013623441517634402
2020-06-22,-0.001911523305809337
2020-06-23,0.002122136358183957
2020-06-24,-0.029045022802234827
2020-06-25,0.004007352108483808
2020-06-26,-0.03064489097581379
2020-06-29,0.04306050315834664
2020-06-30,-0.005313657626091476
2020-07-01,0.0053451044507078944
2020-07-02,0.007102675531485537
2020-07-06,0.014051427717198608
2020-07-07,-0.02901563328608495
2020-07-08,0.008159751805593475
2020-07-09,-0.032461451177287375
2020-07-10,0.02651194300243584
2020-07-13,0.004288209914042952
2020-07-14,0.010446636884044094
2020-07-15,0.03729046316789224
2020-07-16,-0.0072743542542003
2020-07-17,-0.006288427923980422
2020-07-20,-0.007704877598186733
2020-07-21,0.026998564745953295
2020-07-22,-0.0002824084823253571
2020-07-23,0.0008864968687662182
2020-07-24,-0.006717864304742072
2020-07-27,-0.0009866628453355961
2020-07-28,-0.005816015103597683
2020-07-29,0.01636587554892113
2020-07-30,-0.010811199254510507
2020-07-31,0.004205998607784411
2020-08-03,-0.009157386140403456
2020-08-04,0.0327694176314153
2020-08-05,0.03181496682309483
2020-08-06,0.0002091582740425084
2020-08-07,0.006327660037326643
2020-08-10,0.05769466097914086
2020-08-11,-0.012409846804789425
2020-08-12,-0.00856387329415146
2020-08-13,-0.015363092347939611
2020-08-14,0.01228713651641712
2020-08-17,-0.03374943589735373
2020-08-18,-0.012462946197815515
2020-08-19,-0.0007203641264535105
2020-08-20,-0.012407690985857932
2020-08-21,-0.01254064559568262
2020-08-24,0.0520781352913938
2020-08-25,-0.00817353278241969
2020-08-26,-0.025887257566638126
2020-08-27,0.015948261874434735
2020-08-28,0.03376536249465682
2020-08-31,-0.023745593825247793
2020-09-01,-0.01540288523373732
2020-09-02,0.017470516076982204
2020-09-03,-0.016669812831339295
2020-09-04,-0.006926774432201377
2020-09-08,-0.029859222406955505
2020-09-09,0.005878165720427397
2020-09-10,-0.01823369032313096
2020-09-11,0.014062645968154763
2020-09-14,0.01807420419625231
2020-09-15,-0.0008009606908391804
2020-09-16,0.015865630340068628
2020-09-17,-0.000714979358793855
2020-09-18,-0.016415009263756396
2020-09-21,-0.01463163585718349
2020-09-22,0.0004254750305820341
2020-09-23,-0.016858308283339368
2020-09-24,-0.0026553900642824367
2020-09-25,0.010150365308660836
2020-09-28,0.0156096324338887
2020-09-29,-0.007349762929543969
2020-09-30,-0.00016067431621127372
2020-10-01,-0.03987048310381201
2020-10-02,0.021520535208605945
2020-10-05,0.03975096466127988
2020-10-06,-0.02689435091853011
2020-10-07,0.013088363469333154
2020-10-08,0.056215947008248106
2020-10-09,-0.0196815856802667
2020-10-12,-5.070271177851635e-05
2020-10-13,-0.02567451915283452
2020-10-14,0.00636858043404881
2020-10-15,0.022159762001446072
2020-10-16,-0.043977082203879664
2020-10-19,-0.017725002653281453
2020-10-20,0.03495705563155174
2020-10-21,-0.022791412941648423
2020-10-22,0.02698547069782532
2020-10-23,-0.0033699434049101816
2020-10-26,-0.049446554342375486
2020-10-27,-0.026703000215079757
2020-10-28,-0.05998356410560507
2020-10-29,0.0301420315014993
2020-10-30,0.022844858197075893
2020-11-02,0.04874942329814404
2020-11-03,0.004398473866490349
2020-11-04,-0.0007071514300991508
2020-11-05,0.013220304713952826
2020-11-06,-0.03198327007313971
2020-11-09,0.19563627264474234
2020-11-10,0.010006965183507566
2020-11-11,-0.015944845905858127
2020-11-12,-0.029190113791841485
2020-11-13,0.05224032174888585
2020-11-16,0.0749040390662714
2020-11-17,0.010680696903846388
2020-11-18,-0.01926633689980772
2020-11-19,0.016930280275333956
2020-11-20,0.0021990260705553547
2020-11-23,0.08577178037916208
2020-11-24,0.049649580860223926
2020-11-25,-0.0193817477840473
2020-11-27,-0.009631280652779938
2020-11-30,-0.051317162087092416
2020-12-01,0.004144153811683503
2020-12-02,-0.006136570110589811
2020-12-03,0.01196712701275139
2020-12-04,0.004175481318711037
2020-12-07,-6.25335654345755e-05
2020-12-08,-0.00025193607994388346
2020-12-09,-0.0031806679977570565
2020-12-10,-0.00032670306113962176
2020-12-11,-0.0014322285844487579
2020-12-14,0.00901755332422165
2020-12-15,0.012052607378374923
2020-12-16,-0.002928495011264121
2020-12-17,0.01968179258430455
2020-12-18,0.002506764789225535
2020-12-21,-0.007896298159018288
2020-12-22,0.0015211669943631882
2020-12-23,-0.0014514994164932292
2020-12-24,0.0026179922832879846
2020-12-28,-0.0018133778244195824
2020-12-29,-0.0027323013230827753
2020-12-30,0.0027378406238850353
2020-12-31,0.006087102906150388
2021-01-04,-0.006569935307034636
2021-01-05,-0.006950367785624323
2021-01-06,0.021860186665798698
2021-01-07,-0.007821266212318524
2021-01-08,0.004017081565899506
2021-01-11,-0.0048669712982265965
2021-01-12,-0.0018931411602452714
2021-01-13,0.005601934743545889
2021-01-14,-0.0008944655241296066
2021-01-15,0.008481646379531072
2021-01-19,-0.002419931193778645
2021-01-20,0.00574499374129559
2021-01-21,-0.0005030235126159073
2021-01-22,0.001095500186893017
2021-01-25,0.012226390058534188
2021-01-26,0.0038384858238414647
2021-01-27,-0.009473020500589036
2021-01-28,0.001983123914290507
2021-01-29,-0.008813945297354719
2021-02-01,0.014493688585832843
2021-02-02,0.02747073957570705
2021-02-03,0.021651662351702596
2021-02-04,0.01170997107296511
2021-02-05,0.013433308098653632
2021-02-08,0.013809940155689326
2021-02-09,-0.007155179345091823
2021-02-10,0.0093121895860943
2021-02-11,-0.00735075841905013
2021-02-12,0.014088815133116295
2021-02-16,0.025386682692611164
2021-02-17,0.003773375807030022
2021-02-18,-0.013306459924235882
2021-02-19,0.02790353824709575
2021-02-22,0.021178190251659006
2021-02-23,0.018475274805856645
2021-02-24,0.02979141505795091
2021-02-25,-0.032667229004546286
2021-02-26,-0.00272598124354555
2021-03-01,0.030416686347004403
2021-03-02,-0.017081922443605582
2021-03-03,-0.01547949602184694
2021-03-04,-0.01612344955820211
2021-03-05,0.018446947623235732
2021-03-08,0.00013979531911214498
2021-03-09,0.029071395115973946
2021-03-10,0.005395712775700114
2021-03-11,0.008580046523302198
2021-03-12,0.003993081118358687
2021-03-15,0.013556030596733461
2021-03-16,-0.015445312115974075
2021-03-17,0.012654305400316923
2021-03-18,-0.010791153355323038
2021-03-19,0.001453299168943944
2021-03-22,0.009684121285188186
2021-03-23,-0.018042251222840724
2021-03-24,-0.0018252815480272139
2021-03-25,0.009174097206121314
2021-03-26,0.008646686883053601
2021-03-29,0.003055941305606924
2021-03-30,-0.005411604972583894
2021-03-31,0.003730956874704294
2021-04-01,0.012233573282972265
2021-04-05,0.0023720086534340223
2021-04-06,0.014493368358528437
2021-04-07,-0.015369303044031047
2021-04-08,0.018320948974778463
2021-04-09,0.005850672591339679
2021-04-12,-0.0007244819708495994
2021-04-13,0.018363746931206282
2021-04-14,-0.011290410063075362
2021-04-15,0.015665431109599583
2021-04-16,9.08719887762646e-05
2021-04-19,-0.014283538378284688
2021-04-20,-0.005215836853500533
2021-04-21,0.02122434991668154
2021-04-22,0.0018042577827621976
2021-04-23,0.015786845878932153
2021-04-26,0.016924710759613396
2021-04-27,-0.009599076932818463
2021-04-28,-0.015542279502092627
2021-04-29,-0.021022237284039503
2021-04-30,-0.016677999531915965
2021-05-03,0.013921848536837778
2021-05-04,-0.007080915346753614
2021-05-05,0.010834637807008031
2021-05-06,0.004592284857047624
2021-05-07,0.026681319160707505
2021-05-10,-0.004263530236340673
2021-05-11,-0.004961865015899203
2021-05-12,-0.024847284755953405
2021-05-13,0.011991866660923124
2021-05-14,0.022961592753678296
2021-05-17,0.012765797260873523
2021-05-18,-0.0032379665469016946
2021-05-19,-0.015347837504960493
2021-05-20,-0.0005359035363998173
2021-05-21,0.004377262534243709
2021-05-24,0.008585654703045932
2021-05-25,-0.007789507727005452
2021-05-26,0.01440166746452187
2021-05-27,0.01378060415071719
2021-05-28,-0.008595511197008332
2021-06-01,-0.0039370464110495395
2021-06-02,0.0026082313124442193
2021-06-03,-0.008948635974467312
2021-06-04,0.010203200040467387
2021-06-07,0.0062095854466446615
2021-06-08,0.008078823901748555
2021-06-09,-0.004366844592570196
2021-06-10,0.013379489673945168
2021-06-11,0.011470468102513143
2021-06-14,0.0002100440390384033
2021-06-15,-0.010830656485516475
2021-06-16,-0.004606110335379854
2021-06-17,0.016386566007281222
2021-06-18,-0.005325187239964025
2021-06-21,0.012597796467835832
2021-06-22,0.009663239273961058
2021-06-23,0.0074092520025924695
2021-06-24,0.008357703752919377
2021-06-25,0.00276626775430705
2021-06-28,0.02345737937171837
2021-06-29,0.004546195429057999
2021-06-30,-0.0052574871370591365
2021-07-01,0.005932231890522244
2021-07-02,-0.002913739881558053
2021-07-06,-0.023858714303805876
2021-07-07,-0.00791402999191273
2021-07-08,-0.010939227851058442
2021-07-09,0.03297227246711685
2021-07-12,0.00025445137240713805
2021-07-13,-0.01598214215879028
2021-07-14,-0.006564244526603025
2021-07-15,-0.013143697879619155
2021-07-16,-0.027017828593128068
2021-07-19,-0.024032458910488518
2021-07-20,0.030184809014330724
2021-07-21,0.02083206695374831
2021-07-22,-0.005544195251130446
2021-07-23,-0.0019496551568306088
2021-07-26,0.020501949854741797
2021-07-27,-0.009260096299204525
2021-07-28,0.007480793009862531
2021-07-29,0.010291146701575138
2021-07-30,-0.006102995120099043
2021-08-02,-0.005462020280030443
2021-08-03,0.0012114820592183048
2021-08-04,-0.02985379462701663
2021-08-05,0.04108295773628788
2021-08-06,0.010981032404709247
2021-08-09,-0.010984295667733547
2021-08-10,0.017224857619083954
2021-08-11,0.008990702401955286
2021-08-12,-0.00622850015494907
2021-08-13,-0.013858333149622327
2021-08-16,-0.014787768401886003
2021-08-17,-0.018406733165871537
2021-08-18,-0.003786716925116141
2021-08-19,-0.02819113979993221
2021-08-20,0.009004266832828657
2021-08-23,0.03908335038572186
2021-08-24,0.04027238953833878
2021-08-25,0.010605084765142592
2021-08-26,-0.011958355499718399
2021-08-27,0.023467158768701
2021-08-30,-0.01854536365381521
2021-08-31,0.008745338605770836
2021-09-01,0.0015842471898172563
2021-09-02,0.0067128174194104225
2021-09-03,-0.0039942021758774815
2021-09-07,-0.0034583689635715896
2021-09-08,0.017859937053591755
2021-09-09,-0.0060481304609835375
2021-09-10,-0.014339769842032925
2021-09-13,0.01668209704044029
2021-09-14,-0.010806162208823399
2021-09-15,0.005844805343162341
2021-09-16,-0.0022170779529163244
2021-09-17,-0.0034978397112685913
2021-09-20,-0.013860052896541476
2021-09-21,-0.009372015165644189
2021-09-22,-0.0033564142954019107
2021-09-23,0.005169877934820144
2021-09-24,-0.0004646346623184751
2021-09-27,0.010473034961605421
2021-09-28,-0.011039497537951906
2021-09-29,-0.0010872029199527566
2021-09-30,-0.001413865247991285
2021-10-01,0.0031570792355733123
2021-10-04,-0.012712238997215042
2021-10-05,0.01870339248074382
2021-10-06,-0.004155455745884351
2021-10-07,0.019287129888298025
2021-10-08,-0.0035759642743853903
2021-10-11,-0.006460688746249178
2021-10-12,0.0038473424423900895
2021-10-13,0.006169476049521839
2021-10-14,0.010632355365747182
2021-10-15,0.0024762480952867146
2021-10-18,-0.004587125081082444
2021-10-19,0.003952818955613324
2021-10-20,0.006407674970728227
2021-10-21,0.006656008793435653
2021-10-22,-0.0028437224720306523
2021-10-25,0.016071422086971376
2021-10-26,0.004623328301226083
2021-10-27,-0.012261124617963573
2021-10-28,0.020007024572686216
2021-10-29,0.007626396960533521
2021-11-01,0.013532865201157507
2021-11-02,-0.018010141183775252
2021-11-03,0.011190451260767665
2021-11-04,-0.02211143374978859
2021-11-05,-0.0047339843414717095
2021-11-08,0.006526817819612386
2021-11-09,-0.020383560250976405
2021-11-10,-0.005044701317609589
2021-11-11,-0.008571439481436793
2021-11-12,0.012488597292180981
2021-11-15,0.0012101917217206984
2021-11-16,-0.004708186045101104
2021-11-17,-0.00905595451277087
2021-11-18,-0.001280158335896398
2021-11-19,-0.004538728918067648
2021-11-22,0.008420859422961302
2021-11-23,-0.0013464429349823168
2021-11-24,-0.0015839261337555427
2021-11-26,0.004261462825580278
2021-11-29,0.009229125271998786
2021-11-30,-0.02650225572292173
2021-12-01,-0.04433611178274067
2021-12-02,0.061555904342018936
2021-12-03,-0.025527672644603976
2021-12-06,0.05278206569853721
2021-12-07,0.006590157942516329
2021-12-08,0.031492303686810975
2021-12-09,-0.01593933934107957
2021-12-10,-0.0048981947111672594
2021-12-13,-0.02587864000223469
2021-12-14,-0.0007003549928291
2021-12-15,0.0014988604309519877
2021-12-16,-0.014334725242273184
2021-12-17,0.02194997630807314
2021-12-20,-0.005969082657257753
2021-12-21,0.061631064261656744
2021-12-22,0.016840078034497705
2021-12-23,0.00531609951052835
2021-12-27,-0.007848555441666683
2021-12-28,-0.007713857127913738
2021-12-29,-0.0024796951218860387
2021-12-30,0.0024049051420101056
2021-12-31,-0.005373986342036474
2022-01-03,-0.005805837261629077
2022-01-04,-0.01690558861306112
2022-01-05,-0.06248957816405996
2022-01-06,0.0030998671531072062
2022-01-07,-0.022523859817682554
2022-01-10,0.004019541165077589
2022-01-11,0.010451697756739653
2022-01-12,-0.00027649554546798114
2022-01-13,-0.029668988875358317
2022-01-14,-0.012926523281084935
2022-01-18,-0.023995376182223326
2022-01-19,-0.0018296311749384508
2022-01-20,-0.015618835336005733
2022-01-21,-0.02554246248482919
2022-01-24,0.030944177452072653
2022-01-25,-0.04142045439288619
2022-01-26,-0.017969197651172417
2022-01-27,-0.012613002532344987
2022-01-28,0.03281788024152605
2022-01-31,0.05872095683001689
2022-02-01,0.011131747070829647
2022-02-02,-0.01637221352266821
2022-02-03,-0.04087748391579147
2022-02-04,0.017335152560114486
2022-02-07,-0.0069075773874899375
2022-02-08,0.014162624829102246
2022-02-09,0.047416762154754856
2022-02-10,-0.022268305575970027
2022-02-11,-0.03664589911868035
2022-02-14,-0.019567370546407392
2022-02-15,0.037769018970788125
2022-02-16,0.005177262445918241
2022-02-17,-0.037106448809727965
2022-02-18,-0.010765287542169722
2022-02-22,-0.025394325603250167
2022-02-23,-0.03164882180578695
2022-02-24,0.06470144367226861
2022-02-25,0.03153426525605247
2022-02-28,-0.036072658080810956
2022-03-01,-0.03350723729812419
2022-03-02,0.037851466816026344
2022-03-03,-0.03342860115188559
2022-03-04,-0.03495604005563402
2022-03-07,-0.057418066269197376
2022-03-08,0.008079078592071036
2022-03-09,0.04984644820045408
2022-03-10,-0.018824425621682732
2022-03-11,-0.010214905933026576
2022-03-14,0.007867306928586604
2022-03-15,0.02508706685533756
2022-03-16,0.07513287599762362
2022-03-17,0.011813820880319572
2022-03-18,0.029849996026408036
2022-03-21,-0.01730248605135957
2022-03-22,0.027800499604066494
2022-03-23,-0.020307279647503028
2022-03-24,0.007669412144778577
2022-03-25,-0.016927016291234564
2022-03-28,0.009870283840414853
2022-03-29,0.04452879429926511
2022-03-30,-0.026475409332279945
2022-03-31,-0.018300673880297633
2022-04-01,-0.005329590977702591
2022-04-04,0.013597469079855951
2022-04-05,-0.03484105383768591
2022-04-06,-0.015757612705086237
2022-04-07,-0.0029573472104888923
2022-04-08,0.015966081422226344
2022-04-11,-0.006882095916864694
2022-04-12,-0.0033352878408607124
2022-04-13,0.020673771511070124
2022-04-14,-0.015199968041377843
2022-04-18,0.00048346281667610526
2022-04-19,0.026747370544174687
2022-04-20,-9.933476240144869e-05
2022-04-21,-0.018242279867693632
2022-04-22,-0.0320605985086153
2022-04-25,0.006649961584067344
2022-04-26,-0.0344344088740567
2022-04-27,-0.0017695158317057812
2022-04-28,0.029126275544348407
2022-04-29,-0.02291920239219897
2022-05-02,0.03507803251497899
2022-05-03,0.00929469947264171
2022-05-04,0.0497103990358376
2022-05-05,-0.04921491286647482
2022-05-06,-0.03237068374385106
2022-05-09,-0.035519983486588455
2022-05-10,-0.0017588114297649618
2022-05-11,-0.03911752213362275
2022-05-12,0.03132419571057226
2022-05-13,0.0467484700209631
2022-05-16,-0.0248421945868335
2022-05-17,0.027515245592649618
2022-05-18,-0.051692999893800606
2022-05-19,0.01948274967288516
2022-05-20,0.0068964859135956175
2022-05-23,0.01443802140490783
2022-05-24,-0.03707576783980416
2022-05-25,0.027721574842720025
2022-05-26,0.036590972523025955
2022-05-27,0.035329916182658974
2022-05-31,-0.012670603562459895
2022-06-01,-0.031621880378565795
2022-06-02,0.060365576745952707
2022-06-03,-0.027550541190968558
2022-06-06,-0.0016523789830647838
2022-06-07,0.006269364751386576
2022-06-08,-0.012076354603851237
2022-06-09,-0.04717375572559174
2022-06-10,-0.04679474092057816
2022-06-13,-0.06520302516010457
2022-06-14,-0.022670273436943132
2022-06-15,0.027479683947623856
2022-06-16,-0.06439654824368951
2022-06-17,0.026858991445987017
2022-06-21,-0.009649546444068435
2022-06-22,0.0037702623502735566
2022-06-23,0.022717927324185386
2022-06-24,0.05863675036765751
2022-06-27,-0.01669752343731449
2022-06-28,-0.02826706199586062
2022-06-29,-0.03579916963785205
2022-06-30,-0.021851934229676642
2022-07-01,0.017153345048951073
2022-07-05,0.024820166326746662
2022-07-06,-0.03018857163616563
2022-07-07,0.03433714672985017
2022-07-08,-0.016039238771028353
2022-07-11,-0.028965083155621154
2022-07-12,0.034972695756753935
2022-07-13,-0.0036683581780952886
2022-07-14,-0.025397959839616426
2022-07-15,0.03307778290899295
2022-07-18,0.024584480203614326
2022-07-19,0.0452781765997123
2022-07-20,0.02871312167186646
2022-07-21,-0.02592694375913309
2022-07-22,-0.023847825163748462
2022-07-25,0.0022754528366282787
2022-07-26,-0.028659277869295386
2022-07-27,0.034963142335088924
2022-07-28,0.025338138340230736
2022-07-29,0.005681102094043055
2022-08-01,-0.022590887781325265
2022-08-02,0.005444893989791733
2022-08-03,-0.018558215996070295
2022-08-04,-0.031109637398972816
2022-08-05,0.02021246005609425
2022-08-08,0.010877774083889903
2022-08-09,0.006595347241306836
2022-08-10,0.014697897123971983
2022-08-11,0.02609802827064088
2022-08-12,0.010482921223067721
2022-08-15,-0.017149223040012252
2022-08-16,0.0003670367642663705
2022-08-17,-0.0001116419120902658
2022-08-18,0.020155300088543944
2022-08-19,-0.008826947686588206
2022-08-22,-0.0036417421623390566
2022-08-23,0.030768468246964022
2022-08-24,0.008242612644320468
2022-08-25,0.01438761403873533
2022-08-26,-0.023576824399701036
2022-08-29,0.008229603798964192
2022-08-30,-0.03517636448704435
2022-08-31,-0.0049427185552528684
2022-09-01,0.00789381156240816
2022-09-02,0.00022037755339284775
2022-09-06,-0.012950066883113953
2022-09-07,0.029030948693290926
2022-09-08,0.010987414406058639
2022-09-09,0.02288742069152534
2022-09-12,0.017812873724854128
2022-09-13,-0.05022916226443466
2022-09-14,-0.0012475496463436155
2022-09-15,-0.010700845505462632
2022-09-16,0.0003646210249288568
2022-09-19,-0.0023265656698605148
2022-09-20,-0.018663277646282995
2022-09-21,-0.014366378519580949
2022-09-22,-0.026291518124467853
2022-09-23,-0.02045938758134862
2022-09-26,-0.018782727150935805
2022-09-27,-0.0006360660732108391
2022-09-28,0.02331251035813245
2022-09-29,-0.017574226528779737
2022-09-30,-0.008166980571149184
2022-10-03,0.03197157662331255
2022-10-04,0.04567061718990778
2022-10-05,-0.0023682596595101415
2022-10-06,-0.01718059335090645
2022-10-07,-0.05231345245097559
2022-10-10,-0.013495397888655893
2022-10-11,-0.004663698299466291
2022-10-12,0.0017075820380498927
2022-10-13,0.02136631986243833
2022-10-14,-0.026615492508583555
2022-10-17,0.03245354938230449
2022-10-18,0.0072563238443133175
2022-10-19,-0.03645641612407584
2022-10-20,-0.00260214406940743
2022-10-21,0.02104062515917444
2022-10-24,0.0187573905761702
2022-10-25,0.0339964833440515
2022-10-26,-0.016386402699425175
2022-10-27,-0.006039637988341086
2022-10-28,0.020683428588948685
2022-10-31,-0.02131473608208736
2022-11-01,0.0012042162355031076
2022-11-02,-0.02715603755893835
2022-11-03,-0.005169852722339263
2022-11-04,0.009150894426654567
2022-11-07,0.0035330053512821263
2022-11-08,0.01950297381194277
2022-11-09,-0.02182700152442594
2022-11-10,0.10393887170588266
2022-11-11,0.04434125838324479
2022-11-14,-0.017458650707423563
2022-11-15,0.013203611041382204
2022-11-16,-0.033988589475853696
2022-11-17,-0.008895609845623032
2022-11-18,0.0038614459882121317
2022-11-21,-0.013050644662284894
2022-11-22,0.02161083564617903
2022-11-23,0.01169632408092064
2022-11-25,-0.0034591766544032954
2022-11-28,-0.020996879026201867
2022-11-29,-0.0021715925822671234
2022-11-30,0.04791638472262712
2022-12-01,-0.002692825070284777
2022-12-02,0.0015431597137093964
2022-12-05,-0.030294975543568664
2022-12-06,-0.009694658923386657
2022-12-07,-0.010906861470888651
2022-12-08,-0.0016712832037929072
2022-12-09,0.00546605080405277
2022-12-12,0.006140064601964091
2022-12-13,0.005942839706974234
2022-12-14,-0.0065001126184172755
2022-12-15,-0.03001533710905469
2022-12-16,-0.015105646736606557
2022-12-19,-0.013412653688003142
2022-12-20,-0.014276387182353545
2022-12-21,0.017593759001656384
2022-12-22,-0.020107320776803595
2022-12-23,0.009792127769546456
2022-12-27,-0.01452395753320378
2022-12-28,0.0005592625112982642
2022-12-29,0.03297484510849214
2022-12-30,0.00047213908827842266
2023-01-03,-0.01978228414742538
2023-01-04,0.04136310125763269
2023-01-05,-0.01253234020630425
2023-01-06,0.023078327632770224
2023-01-09,0.023733665737064313
2023-01-10,0.005901140620669244
2023-01-11,0.012890932468051721
2023-01-12,0.026191993143884276
2023-01-13,0.0031790035485445233
2023-01-17,0.01296797539827378
2023-01-18,-0.020893737975295066
2023-01-19,-0.015399500157575354
2023-01-20,0.031075663756330082
2023-01-23,0.025850768952105176
2023-01-24,0.0012028322752442257
2023-01-25,-0.0007792363061217445
2023-01-26,0.017608119459249318
2023-01-27,0.008917676499532857
2023-01-30,-0.02171787263779863
2023-01-31,0.026436140136221798
2023-02-01,-0.00048107123702308954
2023-02-02,0.00352225239911257
2023-02-03,-0.007839369617964765
2023-02-06,-0.005255211416776141
2023-02-07,0.004373669521633349
2023-02-08,-0.012321253324684932
2023-02-09,-0.016789925127765205
2023-02-10,0.022979363511417383
2023-02-13,-0.003393385303672004
2023-02-14,-0.001801079176688125
2023-02-15,0.0024832269885355696
2023-02-16,-0.008633533242610627
2023-02-17,0.0003428406834935947
2023-02-21,-0.011654718283381028
2023-02-22,0.008828240586012105
2023-02-23,-0.005877242356135302
2023-02-24,-0.006504318690576072
2023-02-27,-0.0030081894283061077
2023-02-28,-0.0055580459444995334
2023-03-01,-0.0039948861887975865
2023-03-02,0.01167260243363163
2023-03-03,0.012225622749092913
2023-03-06,-0.01194147073212749
2023-03-07,-0.027328776553451718
2023-03-08,-0.0016007633516983322
2023-03-09,-0.019494209904316228
2023-03-10,-0.019503542512173292
2023-03-13,-0.0028456238694671513
2023-03-14,0.004356803100231997
2023-03-15,0.0023206965041264295
2023-03-16,0.00921313746914635
2023-03-17,0.001514069192388979
2023-03-20,0.009387374024349526
2023-03-21,-0.00016506125781634573
2023-03-22,-0.020269350578358724
2023-03-23,0.004819976539551397
2023-03-24,0.005798810047308511
2023-03-27,0.015540790151430686
2023-03-28,0.007713899776133537
2023-03-29,0.01700781936748912
2023-03-30,0.004537657639730941
2023-03-31,0.02350752955998832
2023-04-03,-0.014415998260963138
2023-04-04,-0.034982346608266914
2023-04-05,-0.0034714011921643476
2023-04-06,0.017791488515100262
2023-04-10,0.01691169283390116
2023-04-11,0.008221138963741458
2023-04-12,-0.006767225678171208
2023-04-13,0.010854960492505996
2023-04-14,-0.01258151010019163
2023-04-17,0.032565024739262864
2023-04-18,-0.007717625425782338
2023-04-19,0.0313434419368452
2023-04-20,-0.03163850457877412
2023-04-21,-0.028182445452203785
2023-04-24,-0.015694192024450805
2023-04-25,-0.03727067257876819
2023-04-26,-0.0020155197844947126
2023-04-27,0.023877614139037242
2023-04-28,0.030933510846798188
2023-05-01,-0.009399565246729925
2023-05-02,-0.02536641721903172
2023-05-03,-0.0032990989790876793
2023-05-04,-0.018228249701972565
2023-05-05,0.04302796792356936
2023-05-08,-0.0015885069202263413
2023-05-09,0.005405632527623949
2023-05-10,0.0019172792181672226
2023-05-11,-0.005766508805779502
2023-05-12,0.02933356332574667
2023-05-15,0.015388386559817826
2023-05-16,-0.021415803566037787
2023-05-17,0.021217650877316165
2023-05-18,0.011124483729209513
2023-05-19,-0.013897898817217359
2023-05-22,0.01471851918411229
2023-05-23,0.0050561971976402125
2023-05-24,-0.013097532641613731
2023-05-25,-0.0014860330044766832
2023-05-26,0.01287142308939804
2023-05-30,0.003961922784533357
2023-05-31,-0.020986281589764767
2023-06-01,-0.0045679575859946964
2023-06-02,0.0355858459221434
2023-06-05,-0.012181371272342168
2023-06-06,0.02183029835262562
2023-06-07,0.01992417204881415
2023-06-08,-0.0047369214136418715
2023-06-09,-0.012906107808269996
2023-06-12,0.010466594769739178
2023-06-13,0.014502367263266714
2023-06-14,-0.005185498445206517
2023-06-15,0.009043699669965287
2023-06-16,-0.001360770092784947
2023-06-20,-0.0222518198800561
2023-06-21,-0.0047376550065126415
2023-06-22,-0.01265036710100841
2023-06-23,-0.01962226977413161
2023-06-26,0.012259964246217848
2023-06-27,0.021671928861872893
2023-06-28,-0.004609414430239589
2023-06-29,0.005887753219190695
2023-06-30,0.009856240609616141
2023-07-03,0.010228146134906867
2023-07-05,-0.007085886244880435
2023-07-06,-0.01600792651972766
2023-07-07,-0.00565318898605176
2023-07-10,0.0087851356695411
2023-07-11,0.0160354223500506
2023-07-12,-0.0022590277061249947
2023-07-13,0.00012842090374989295
2023-07-14,-0.0015613678000798827
2023-07-17,0.0020938116145491127
2023-07-18,0.000736086116325507
2023-07-19,0.017774409615760312
2023-07-20,-0.0014887987752050696
2023-07-21,0.00750986915459484
2023-07-24,0.0020515686461894497
2023-07-25,-0.007114572617874015
2023-07-26,-0.0028006513440812955
2023-07-27,-0.0032178629957007377
2023-07-28,0.007593828182557216
2023-07-31,0.005243839166588893
2023-08-01,-0.009110637319724226
2023-08-02,-0.03167673335771461
2023-08-03,-0.010746550738179587
2023-08-04,-0.004742174242625297
2023-08-07,-0.0013038622141226424
2023-08-08,-0.010548121387467925
2023-08-09,0.0034471443141128938
2023-08-10,-0.0062908717436181765
2023-08-11,-0.003103261382212852
2023-08-14,0.0036614388589461975
2023-08-15,-0.01630311825307458
2023-08-16,-0.012219077843369421
2023-08-17,-0.007780229889310519
2023-08-18,0.0016048786025304128
2023-08-21,-0.006637581462863773
2023-08-22,-0.0017362930058729463
2023-08-23,0.012037502743201192
2023-08-24,-0.019384483036533475
2023-08-25,0.010932869074998386
2023-08-28,0.006690994532658123
2023-08-29,0.014058030486587247
2023-08-30,0.004445151635566058
2023-08-31,-0.00778033786993495
2023-09-01,0.00657308474402002
2023-09-05,-0.011877487922464746
2023-09-06,0.002088040531932822
2023-09-07,-0.023859428533775175
2023-09-08,-0.010495376356077857
2023-09-11,0.007762203316976102
2023-09-12,-0.005192343657873056
2023-09-13,-0.013646007969742038
2023-09-14,0.007357408406484923
2023-09-15,-0.020070998141288744
2023-09-18,-0.011601111552161016
2023-09-19,0.005537512063468653
2023-09-20,-0.00612120717731639
2023-09-21,-0.017645207674633952
2023-09-22,-0.013152046665810692
2023-09-25,-0.00043608772466730006
2023-09-26,-0.004157483208802249
2023-09-27,0.011303237645471751
2023-09-28,0.015252333010729691
2023-09-29,-0.003587787441730729
2023-10-02,-0.020067184818340293
2023-10-03,-0.01524683524075873
2023-10-04,0.003353599755459803
2023-10-05,-0.01327419592110345
2023-10-06,0.0005807642396668418
2023-10-09,-0.0025280697502268468
2023-10-10,0.019061015119720952
2023-10-11,-0.009681243077283911
2023-10-12,-0.02409338165080599
2023-10-13,0.017078607715987165
2023-10-16,0.020340052447644207
2023-10-17,0.021670144064332566
2023-10-18,-0.014511021869374219
2023-10-19,-0.013267201414336682
2023-10-20,-0.034172224937532844
2023-10-23,-0.011485757819577025
2023-10-24,-0.007101635720128152
2023-10-25,-0.0038126980984225286
2023-10-26,0.002575282937264601
2023-10-27,-0.0197782910943061
2023-10-30,0.0021879696240543643
2023-10-31,-0.005077145721604016
2023-11-01,-0.0048805651640930195
2023-11-02,0.027268824876828614
2023-11-03,0.03214470316699878
2023-11-06,-0.02677086137740984
2023-11-07,2.8311925223456057e-05
2023-11-08,-0.0164147437186339
2023-11-09,-0.029446048780433734
2023-11-10,0.019222132466920994
2023-11-13,0.0004759267962044624
2023-11-14,0.06876454351977793
2023-11-15,0.02016549912817469
2023-11-16,-0.025737643519879307
2023-11-17,0.00895095748372835
2023-11-20,0.01823851239691978
2023-11-21,-0.006952382483220289
2023-11-22,0.003003656884224458
2023-11-24,0.00711302389152877
2023-11-27,-0.017766056458620363
2023-11-28,0.008999203327713047
2023-11-29,0.009446975129200818
2023-11-30,-0.004132890357201502
2023-12-01,0.03772752056962385
2023-12-04,-0.0028839885794656127
2023-12-05,-0.021554719700215445
2023-12-06,0.007792807362620492
2023-12-07,0.01377612637888056
2023-12-08,0.001008561147367637
2023-12-11,0.025702499124634667
2023-12-12,-0.010575111463102383
2023-12-13,0.05023384435288985
2023-12-14,0.050423953880382594
2023-12-15,-0.008138648110588276
2023-12-18,0.0051874110496891845
2023-12-19,0.029314614750351613
2023-12-20,-0.025602297605453805
2023-12-21,0.025740702842442013
2023-12-22,0.0035107364277625953
2023-12-26,0.014149420063023312
2023-12-27,-0.003914164029940759
2023-12-28,-0.0009523579041311631
2023-12-29,-0.012187930726479768
2024-01-02,0.00595147166279395
2024-01-03,-0.0022353442600700937
2024-01-04,-0.00303165302203976
2024-01-05,-0.0019406953149401437
2024-01-08,0.008989519952034977
2024-01-09,-0.008407323109838593
2024-01-10,0.004883569107310172
2024-01-11,-0.0018667245534386258
2024-01-12,-0.0021986559658082718
2024-01-16,-0.0026925298505498735
2024-01-17,-0.002748170013907858
2024-01-18,-0.0015095397906517256
2024-01-19,0.004951740739301102
2024-01-22,-0.0001706658358639811
2024-01-23,0.0002113783460750418
2024-01-24,-0.0034712151217549453
2024-01-25,-0.007784566573954099
2024-01-26,0.0063604710882931405
2024-01-29,0.0017382802570436455
2024-01-30,0.004989897694485435
2024-01-31,-0.0038145155660741165
2024-02-01,0.015081553246725875
2024-02-02,0.0008728047871902391
2024-02-05,-0.015140211965288601
2024-02-06,0.010301698004390769
2024-02-07,-0.006449187762408149
2024-02-08,0.005259217559830176
2024-02-09,0.0070102537688162105
2024-02-12,0.021904386842843702
2024-02-13,-0.03611433130977998
2024-02-14,0.016417864687085428
2024-02-15,0.018418384115115885
2024-02-16,-0.007078093981230383
2024-02-20,-0.0168993808705888
2024-02-21,0.0016220619231679062
2024-02-22,-0.007936067784635403
2024-02-23,-0.009672264682368426
2024-02-26,-0.0019775151165958293
2024-02-27,0.011310073930037001
2024-02-28,0.0018149972828716116
2024-02-29,0.009201326292757429
2024-03-01,0.004549618341585715
2024-03-04,-0.018508725345132017
2024-03-05,-0.012438621894749391
2024-03-06,0.0062408098081215176
2024-03-07,0.019037606568966248
2024-03-08,0.012113363397555525
2024-03-11,0.02377821884260749
2024-03-12,-0.003290148511426594
2024-03-13,0.00017416272384900271
2024-03-14,-0.01314611410485669
2024-03-15,-0.002628899688612241
2024-03-18,0.006192784153242958
2024-03-19,0.005590776824432675
2024-03-20,-2.7719962609640595e-05
2024-03-21,0.0034960704957105898
2024-03-22,-0.009139739091366075
2024-03-25,-0.0008338884287591331
2024-03-26,-0.009358223835198442
2024-03-27,0.020188358617662817
2024-03-28,0.005284739407778272
2024-04-01,-0.009526975589744113
2024-04-02,-0.025142069498480316
2024-04-03,-0.0023317036331768288
2024-04-04,-0.015991734819065774
2024-04-05,-0.0014501724198367927
2024-04-08,0.0039862596793417745
2024-04-09,0.020464818471174234
2024-04-10,-0.021872986408371594
2024-04-11,0.009459879960357818
2024-04-12,-0.03082021504706698
2024-04-15,-0.002932571599628209
2024-04-16,0.005172345150716417
2024-04-17,0.004141710032766111
2024-04-18,0.005260512734097744
2024-04-19,-0.0035597513910503253
2024-04-22,0.005449329143527304
2024-04-23,0.011132692813894842
2024-04-24,0.004001666611530863
2024-04-25,-0.015412361202210925
2024-04-26,0.003336272118833828
2024-04-29,0.008613255269861753
2024-04-30,-0.025204649230195064
2024-05-01,-0.0013748386116617774
2024-05-02,0.008131116592478406
2024-05-03,0.00553684059437397
2024-05-06,0.0033031883762226657
2024-05-07,0.012425009176044733
2024-05-08,-0.01024815072213916
2024-05-09,-0.009271742580071183
2024-05-10,0.0014828751573235934
2024-05-13,0.0077910501443574365
2024-05-14,0.010431453593772535
2024-05-15,0.008076298647361823
2024-05-16,-0.007111420518234335
2024-05-17,-0.0017526854212028598
2024-05-20,-0.0030386712566389355
2024-05-21,-0.00882163908940582
2024-05-22,-0.0062929498397701344
2024-05-23,-0.01916048739156891
2024-05-24,0.00054952680792395
2024-05-28,-0.0022896267611739575
2024-05-29,-0.010147527889262275
2024-05-30,0.0008757693140358125
2024-05-31,0.0162853632876616
2024-06-03,-0.006890570184014357
2024-06-04,-0.0026390755508129303
2024-06-05,0.007350023887781032
2024-06-06,-0.003289280993911136
2024-06-07,-0.0022682889945848774
2024-06-10,0.0036991948816468946
2024-06-11,-0.005229110204854903
2024-06-12,0.007262086268985081
2024-06-13,0.0028763763752733267
2024-06-14,-0.010163889288417594
2024-06-17,0.00041788646628618904
2024-06-18,-0.010251058069533346
2024-06-20,0.016157327151479342
2024-06-21,0.005589283873421002
2024-06-24,-0.008947789510034745
2024-06-25,-0.00644964577319136
2024-06-26,0.0027722841424966615
2024-06-27,0.00412378932908365
2024-06-28,-0.006583455779021186
2024-07-01,-0.005843894666194827
2024-07-02,-0.0017727384569098837
2024-07-03,0.00449393788713819
2024-07-05,-0.008004474770026592
2024-07-08,-0.004945408065468826
2024-07-09,-0.016234158769573494
2024-07-10,0.011198409602808303
2024-07-11,0.025681516803153826
2024-07-12,0.015374607083287084
2024-07-15,-0.0025814670714119363
2024-07-16,0.036606632678682735
2024-07-17,-0.007348241088021878
2024-07-18,-0.022724210365312296
2024-07-19,-0.003273635036988109
2024-07-22,0.013367933419281067
2024-07-23,-0.004367621067148531
2024-07-24,-0.029420213291856755
2024-07-25,0.019702827358249544
2024-07-26,0.02032662117574293
2024-07-29,0.004784677038635331
2024-07-30,0.011637382866094392
2024-07-31,0.015537603183835914
2024-08-01,-0.027259520216501833
2024-08-02,-0.02459513373817651
2024-08-05,-0.009144157454231907
2024-08-06,0.017513249057746032
2024-08-07,-0.03382510797644971
2024-08-08,0.034000977414485024
2024-08-09,0.004638703223136676
2024-08-12,0.009371033593103284
2024-08-13,0.014705768035605101
2024-08-14,0.005690901348304433
2024-08-15,0.03961605732740301
2024-08-16,0.0032339958504877145
2024-08-19,0.007099551268164272
2024-08-20,-0.01258902589568174
2024-08-21,0.012346179531167435
2024-08-22,-0.014929658719779672
2024-08-23,0.009923733396287483
2024-08-26,-0.01874363733404759
2024-08-27,0.0020500895454216073
2024-08-28,-0.03513782303417069
2024-08-29,0.0041680177351060554
2024-08-30,0.005281113259154124
2024-09-03,-0.017565383443355835
2024-09-04,-0.036871119888406474
2024-09-05,0.0004811558629268858
2024-09-06,-0.011668989324863887
2024-09-09,0.014330988629094422
2024-09-10,-0.004194947767356872
2024-09-11,0.01672315498391924
2024-09-12,-0.004031718689916075
2024-09-13,0.010492849872905174
2024-09-16,0.014088120252838279
2024-09-17,0.008643023757504587
2024-09-18,-0.0005455559512145163
2024-09-19,0.003963611109179077
2024-09-20,-0.0004492896990864521
2024-09-23,0.0004779967462889445
2024-09-24,-0.003160577402561837
2024-09-25,-0.009128087017783672
2024-09-26,0.001930141888008231
2024-09-27,0.009370516729874023
2024-09-30,-0.01551897349085736
2024-10-01,0.0020778019618178717
2024-10-02,0.0023708832846065725
2024-10-03,-0.0008809349184744526
2024-10-04,0.01612335305796036
2024-10-07,0.014178943815944525
2024-10-08,-0.012121027771410275
2024-10-09,0.002949703897970945
2024-10-10,-0.0049880377718984235
2024-10-11,0.010529571926717442
2024-10-14,-0.013520826776140292
2024-10-15,-0.014621530127353044
2024-10-16,0.009883955925918599
2024-10-17,-0.0077762176279804526
2024-10-18,0.0011964865224351573
2024-10-21,-0.0013546695840740421
2024-10-22,-0.002685290827680798
2024-10-23,-0.013380754666795959
2024-10-24,0.0038750452205994156
2024-10-25,0.0009524893588004789
2024-10-28,-0.009702130812688515
2024-10-29,-0.0032256913105225384
2024-10-30,-0.03493351763897179
2024-10-31,-0.021888798152963528
2024-11-01,-0.0029639275879729367
2024-11-04,0.0021838717500879297
2024-11-05,0.012300964667836423
2024-11-06,-0.019882657229426788
2024-11-07,0.01353170547677792
2024-11-08,-0.01632568781585877
2024-11-11,-0.007832106363272274
2024-11-12,-0.02740803409852019
2024-11-13,-0.013703223247166023
2024-11-14,-0.00809114440433275
2024-11-15,-0.015069088514737095
2024-11-18,0.029292182798091735
2024-11-19,0.018251607612476715
2024-11-20,-0.0037091341444415614
2024-11-21,0.029239282997820977
2024-11-22,0.024506542336571346
2024-11-25,0.04371935514770864
2024-11-26,-0.024958180838400536
2024-11-27,0.00800635366799488
2024-11-29,-0.005901012989641641
2024-12-02,0.04027354685941902
2024-12-03,-0.014221639924004914
2024-12-04,0.0023332878250713284
2024-12-05,-0.010040137479821121
2024-12-06,0.015217094415100652
2024-12-09,0.027605906307082553
2024-12-10,-0.029955139156431394
2024-12-11,0.0016667869603366632
2024-12-12,-0.01031643051169914
2024-12-13,-0.010144107099798384
2024-12-16,-0.007051059526942083
2024-12-17,-0.0009417005815223643
2024-12-18,-0.036981656662527534
2024-12-19,-0.013228008506132163
2024-12-20,0.023283097327372607
2024-12-23,0.013682110145431128
2024-12-24,0.008289713094422068
2024-12-26,-0.0023458915810578573
2024-12-27,-0.011860659485486157
2024-12-30,-0.018689012064538484
2024-12-31,0.006762396880322164
2025-01-02,0.0033150745729156102
2025-01-03,0.018271948850600395
2025-01-06,0.013864060646772659
2025-01-07,-0.0005270386971360836
2025-01-08,-0.011133128265485204
2025-01-10,-0.0093862135795722
2025-01-13,0.026018896111893574
2025-01-14,0.012767897270850204
2025-01-15,0.025669783506163897
2025-01-16,0.0063557561917551575
2025-01-17,0.017600250112096583
2025-01-21,-0.0011149473315590912
2025-01-22,-0.006680670447681857
2025-01-23,-0.0005838354945062684
2025-01-24,-0.010789027908028694
2025-01-27,0.002591282418209782
2025-01-28,-0.004853091652791708
2025-01-29,-0.0063794174792722435
2025-01-30,0.011169686058657226
2025-01-31,-0.013040785796862275
2025-02-03,-0.02249609537497396
2025-02-04,-0.007518980544913091
2025-02-05,0.018941561560237685
2025-02-06,0.004543452157201643
2025-02-07,-0.014508784574339807
2025-02-10,-0.005477935556260472
2025-02-11,0.00385895107788502
2025-02-12,-0.005147853843825403
2025-02-13,0.011059308589548712
2025-02-14,-0.0025204825728487807
2025-02-18,0.01568247291596894
2025-02-19,0.00870677819971235
2025-02-20,-0.0020948878393257653
2025-02-21,0.001523230512271657
2025-02-24,-0.0058068613946584465
2025-02-25,-0.006649943088149146
2025-02-26,0.0018458542965277382
2025-02-27,-0.02348369271146432
2025-02-28,0.012208506388480457
2025-03-03,-0.02970715578348631
2025-03-04,-0.005620857921796174
2025-03-05,0.03487837949113706
2025-03-06,-0.010919244470449974
2025-03-07,0.01691780671725427
2025-03-10,-0.036542078872875645
2025-03-11,0.007965603007198209
2025-03-12,-0.005719683467588254
2025-03-13,-0.010000872896671677
2025-03-14,0.029804059127895275
2025-03-17,0.007133586704091188
2025-03-18,-0.010746604786244784
2025-03-19,0.00852762454774835
2025-03-20,-0.009716994298994384
2025-03-21,0.009167359776707006
2025-03-24,0.030865544677214047
2025-03-25,-0.005912763966096579
2025-03-26,-0.01835443238505492
2025-03-27,-0.0061170844807658335
2025-03-28,-0.018180747552855647
2025-03-31,0.0008743513149363837
2025-04-01,0.005913245762698571
2025-04-02,0.03004645830419235
2025-04-03,-0.11386935283481289
2025-04-04,-0.0665175487605936
2025-04-07,0.03339325165037947
2025-04-08,-0.018460400880502128
2025-04-09,0.1787316925214385
2025-04-10,-0.07714775011457049
2025-04-11,0.012093570855779324
2025-04-14,0.006876517108706915
2025-04-15,0.018250744750482863
2025-04-16,-0.01936917594718247
2025-04-17,0.006943064132693645
2025-04-21,-0.03611067598299645
2025-04-22,0.035868649207831886
2025-04-23,0.037138675416730396
2025-04-24,0.03774412764431407
2025-04-25,0.0146014289130599
2025-04-28,0.010155330722429603
2025-04-29,-0.0023294669063968374
2025-04-30,-0.025268182457038327
2025-05-01,0.001574768407794414
2025-05-02,0.023501379099432108
2025-05-05,-0.016088009879895792
2025-05-06,-0.01077016337971637
2025-05-07,0.021641424396254327
2025-05-08,0.040189074178150805
2025-05-09,0.00846766228168385
2025-05-12,0.051440920450005964
2025-05-13,0.0072284161640084445
2025-05-14,-0.013105060239996559
2025-05-15,6.104772403962047e-05
2025-05-16,0.010638552386555988
2025-05-19,-0.011406337617395049
2025-05-20,-0.005877581555625122
2025-05-21,-0.04753394222656606
2025-05-22,-0.021480124263172293
2025-05-23,-0.0005302376657738705
2025-05-27,0.025733645229776107
2025-05-28,-0.016705882304278552
2025-05-29,0.007735399605752981
2025-05-30,-0.010978211112923375
2025-06-02,-0.007159568697134178
2025-06-03,0.009361227775995873
2025-06-04,-0.004270266428882163
2025-06-05,0.0009302125880001786
2025-06-06,0.012879394685552216
2025-06-09,0.0014244224185490542
2025-06-10,0.005499716785854437
2025-06-11,-0.0018591056804234556
2025-06-12,0.0036008948057024365
2025-06-13,-0.007128257617168232
2025-06-16,-0.0038330436055749486
2025-06-17,-0.027976569226384255
2025-06-18,0.0023077052338281055
2025-06-20,-0.00280764026120538
2025-06-23,-0.003747526559388881
2025-06-24,0.021879209532490406
2025-06-25,-0.013128298269354877
2025-06-26,0.017509969583611253
2025-06-27,0.0017429985167121687
2025-06-30,0.005637019371717556
2025-07-01,0.020875543095762804
2025-07-02,0.007232542882893878
2025-07-03,0.007379349233638966
2025-07-07,-0.013154077633408557
2025-07-08,-0.012559566203146967
2025-07-09,0.012853203948585147
2025-07-10,-0.0017719240380870815
2025-07-11,-0.010010830482545443
2025-07-14,-0.010641244153330997
2025-07-15,-0.024423209282040625
2025-07-16,0.006121032092445988
2025-07-17,0.01356135823374739
2025-07-18,0.0050627308940445655
2025-07-21,0.00022205426199949302
2025-07-22,0.016260086028562794
2025-07-23,-0.00673048270315847
2025-07-24,-0.0045845701038652155
2025-07-25,0.015524125828867474
2025-07-28,-0.012299307108796478
2025-07-29,-0.005005797080593689
2025-07-30,-0.011065161341794461
2025-07-31,-0.022501412817642497
2025-08-01,-0.014778494703823376
2025-08-04,0.003766952352366227
2025-08-05,0.010235173724571412
2025-08-06,-0.012705851370949728
2025-08-07,0.005371749319329558
2025-08-08,0.00563017379329962
2025-08-11,-0.010639131427681992
2025-08-12,0.025829762541033394
2025-08-13,0.029131712259838637
2025-08-14,-0.0028241567064646094
2025-08-15,0.02779253711125216
2025-08-18,0.0027604654019203648
2025-08-19,0.010943931110729789
2025-08-20,-0.005174576548548826
2025-08-21,-0.0050633555594009495
2025-08-22,0.033462149801604536
2025-08-25,-0.007467473654437206
2025-08-26,-0.011008796920244871
2025-08-27,0.0055504767225011626
2025-08-28,7.32287473316209e-05
2025-08-29,0.018064730380805225
2025-09-02,-0.011251043886692848
2025-09-03,-0.011418508653726577
2025-09-04,-0.00028215676577978413
2025-09-05,0.011872373127336303
2025-09-08,-0.0035171308024898214
2025-09-09,0.009586403610508587
2025-09-10,-0.013807265090494292
2025-09-11,0.02047853014093184
2025-09-12,-0.011028731974039464
2025-09-15,0.002047937083857432
2025-09-16,0.009040027043807942
2025-09-17,0.0035870126399170643
2025-09-18,0.015362836595873862
2025-09-19,-0.00024331941008771734
2025-09-22,0.009987652833913143
2025-09-23,-0.011786736805490304
2025-09-24,-0.0015891509167587077
2025-09-25,-0.014313045330825936
2025-09-26,0.007990880857375461
2025-09-29,0.011325693672481617
2025-09-30,0.0012750271615505683
2025-10-01,-0.003474817411740772
2025-10-02,-0.0021986914807123887
2025-10-03,0.0001513911786009905
2025-10-06,-0.009720086589908462
2025-10-07,-0.00046337198610160073
2025-10-08,0.014729313166050285
2025-10-09,0.005651494542678115
2025-10-10,-0.02490430983920181
2025-10-13,0.014401087299614845
2025-10-14,0.012332275061555199
2025-10-15,0.004132121678035572
2025-10-16,-0.014706734394744691
2025-10-17,0.0169224879345534
2025-10-20,0.009264395134957793
2025-10-21,0.009485640088353566
2025-10-22,-0.006967329613090479
2025-10-23,0.0013808124801563352
2025-10-24,0.0007594067837502602
2025-10-27,0.017768583360624212
2025-10-28,-0.014404894936894043
2025-10-29,-0.032739787084078424
2025-10-30,-0.014757847648737001
2025-10-31,-0.010477914823528679
2025-11-03,0.0008887634852480465
2025-11-04,-0.01590905954413906
2025-11-05,0.01944411689697442
2025-11-06,-0.042851988770639636
2025-11-07,0.019185173947233215
2025-11-10,0.0036213378842319894
2025-11-11,0.0012817455665527161
2025-11-12,0.003138179204286906
2025-11-13,-0.012993200331646661
2025-11-14,-0.00566604852396443
2025-11-17,-0.021485586345421206
2025-11-18,0.0022595036327756283
2025-11-19,-0.007866529687570789
2025-11-20,-0.010188242877521625
2025-11-21,0.03849826047558586
2025-11-24,-0.002624327355473955
2025-11-25,0.02703558678375018
2025-11-26,0.009647684263217738
2025-11-28,0.012226744116389288
2025-12-01,-0.002757144852628135
2025-12-02,0.01359844152972891
2025-12-03,0.011795857018895309
2025-12-04,0.008661337337378651
2025-12-05,0.007728002767931019
2025-12-08,0.0036265374835320776
2025-12-09,0.003118047717213401
2025-12-10,0.017500029693260023
2025-12-11,-0.006028047373473968
2025-12-12,-0.013872003443147308
2025-12-15,-0.008157190178281294
2025-12-16,-0.0024030094327728404
2025-12-17,-0.022024472222434602
2025-12-18,0.004078413327158248
2025-12-19,0.01372454619955811
2025-12-22,0.010018470831687599
2025-12-23,-0.011259840950240031
2025-12-24,0.006634968722121147
2025-12-26,0.0011141490867721208
2025-12-29,-0.002658941388689928
2025-12-30,-0.0015343054620549528
2025-12-31,-0.004655152176221844
2026-01-01,0.0
